:020000040800F2
:1010000000500020B1FC0008ADFC0008ABFC00085B
:10101000ABFC0008ABFC0008ABFC000800000000C3
:10102000000000000000000000000000ADFC00080F
:10103000ADFC000800000000ADFC0008ADFC00089D
:10104000ABFC0008ABFC0008ABFC00082129000841
:10105000ABFC0008ABFC0008ABFC0008ABFC0008D4
:10106000ABFC0008ABFC0008ABFC0008ABFC0008C4
:10107000ABFC0008ABFC0008ABFC0008ABFC0008B4
:10108000C1560008FD560008ABFC00089D82000810
:101090007D8200088D820008ABFC0008ABFC0008D4
:1010A000ABFC0008ABFC0008ABFC0008ABFC000884
:1010B000ABFC0008ABFC0008D1280008ABFC000822
:1010C000ABFC0008ABFC0008ABFC0008ABFC000864
:1010D000ABFC0008ABFC0008ABFC0008ABFC000854
:1010E000DD280008ABFC0008ABFC0008ABFC0008E6
:1010F000ABFC0008ABFC0008ABFC0008ABFC000834
:10110000ABFC0008ABFC0008ABFC0008ABFC000823
:10111000ABFC0008ABFC0008ABFC0008ABFC000813
:10112000ABFC0008ABFC0008ABFC0008ABFC000803
:10113000ABFC0008ABFC0008ABFC0008C98200084F
:10114000A9820008B9820008ABFC0008ABFC0008CB
:1011500010B404466468084611461A46234610BC7B
:101160001847836818477047704770477047704743
:101170000020704741607047704770477047704764
:10118000704770477047002070470020704700008C
:101190000048704700004842002070474160704797
:1011A000704770477047704770470020704770471E
:1011B00041607047704770477047704770474160A3
:1011C00070477047704770477047704770470020FE
:1011D0007047704741607047002070477047704704
:1011E00070477047704741607047704700207047F4
:1011F000704741607047704770470020704700207B
:1012000070470020704700207047002070477047EB
:10121000704770477047000000487047003C1C460C
:10122000416070477047704708467047104B10B5D3
:10123000186803681B6898470E4B186803681B689A
:1012400098470D4B186803681B6898470B4B186844
:1012500003681B6898470A4B186803681B6898471F
:10126000BDE81040074B186803689B68184700BF2B
:101270001C00002018000020100000200C0000209E
:10128000080000200000002010B5174C20680368FB
:10129000DB699847052002F0EDFA062818D8DFE848
:1012A00000F0040A0C0E1012200000220F4B1A70DE
:1012B0000F4B23600CE00F4BFBE70F4BF9E70F4B95
:1012C000F7E70F4BF5E701220E4B23600E4B1A7028
:1012D0000E4C206805F05EFF6068BDE8104005F028
:1012E00059BF0B4BE5E700BF10000020CA2A0020C1
:1012F000C4290020BC290020B4290020E4290020B2
:10130000DC2900209C2900209E2A0020BC2A0020E5
:10131000D429002010B5114C20680368DB69984778
:10132000042002F0A7FA042806D8DFE800F0031032
:101330000E1214000A4B23600A4C206805F02AFFA5
:101340006068BDE8104005F025BF074BF3E7074B89
:10135000F1E7074BEFE7074BEDE700BF0C0000207C
:10136000CC290020BC2A0020942900208C290020B0
:10137000842900207C29002010B5114C20680368C6
:101380005B689847062002F075FA0138042813D8E4
:10139000DFE800F0140E0E0310000A4B23600A4C25
:1013A000206805F0F7FE6068BDE8104005F0F2BE69
:1013B000064BF3E7064BF1E7064BEFE7064BEDE78D
:1013C0000400002074270020BC2A002044270020AD
:1013D00008270020AC2700207C27002010B50D4CEA
:1013E000206803685B689847492002F043FA0128A7
:1013F0000ED0094B094A022818BF13462360084C37
:10140000206805F0C7FE6068BDE8104005F0C2BE68
:10141000044BF3E700000020E02600200027002016
:10142000BC2A0020F0260020022010B502F022FA8B
:101430000138032815D8DFE800F0020E10120A4B1D
:101440000A4C0B4A2068136005F0A4FE6068BDE8F2
:10145000104005F09FBE074BF2E7074BF0E7074B44
:10146000EEE7074BECE700BF18280020BC2A00205D
:101470000800002000280020F42700200C2800206D
:10148000D426002010B5012002F0F4F908280FD866
:10149000DFE800F0171C280E05091F222500134B5A
:1014A000134A1A6004E0114A124B136000229A7228
:1014B000114C206805F06EFE6068BDE8104005F034
:1014C00069BE0A4A0B4B13600122F0E7074B0B4A37
:1014D000E7E7064B0A4AE4E7044B0A4AE1E7034B15
:1014E000094ADEE7014B094ADBE700BF180000208C
:1014F000C02700204C2A0020BC2A00205C2A0020A3
:10150000402A0020282A0020782A0020B427002022
:10151000036810B59B6898470FF020FD0024014632
:10152000992002F0C7F92146942002F0D1F9214612
:10153000952002F0CDF92146972002F0C9F9214605
:10154000BDE81040982002F0C3B9000010B51B4C54
:10155000206803689B6A9847002002F08BF90828EE
:101560000FD8DFE800F005080A0E271C2117290014
:10157000134B236005E0134BFBE71348206004F096
:1015800033FE124C206805F005FE6068BDE810408F
:1015900005F000BE0C48206004F03EFEF1E70A486A
:1015A000206004F009FEECE7094B01222360094B9F
:1015B0001A70E6E7084BDCE7084BF6E71C00002052
:1015C0006C290020EC290020042A0020BC2A0020DD
:1015D0004C2900209E2A002074290020B4260020D7
:1015E00010B5194C206803681B699847502002F019
:1015F00041F905280FD8DFE800F003060817201E80
:10160000124B236007E0124BFBE7124B124819689C
:1016100020600BF05DFB114C206805F0BBFD60689D
:10162000BDE8104005F0B6BD0A4B0D4819682060B2
:101630000CF0CCFDEFE70B4BE3E701220A4B2360F4
:101640000A4B1A70E7E700BF14000020442900206D
:1016500038290020B0260020E4270020BC2A0020E2
:10166000C8270020D82700202C2900209E2A0020EF
:10167000B22002F015B900002DE9F74F082002F062
:10168000F9F8474C54F820100920019102F0F2F8C3
:1016900054F820600A2002F0EDF854F820500B2096
:1016A00002F0E8F854F820A00C2002F0E3F854F817
:1016B00020B00D2002F0DEF854F820900E2002F049
:1016C000D9F854F82070102002F0D4F854F8208093
:1016D000112002F0CFF854F8203001990093314BDB
:1016E00018680368DB6A98472F4B3146186803680F
:1016F000DB6B98472D4B5946186803681B6A98475F
:101700002B4B5146186803681B6A9847294B49467A
:10171000186803681B699847274B41461868036897
:101720005B699847254B3146186803689B69984761
:10173000394623480AF070F8224B0099186803686C
:101740005B699847072002F095F8012821D12846C7
:1017500003F006FB072002F08DF8022802D128468C
:1017600009F0DCF9072002F085F8032802D12846A9
:1017700009F0A6FB002240F20161606805F0EDFC73
:10178000002240F20161206803B0BDE8F04F05F08F
:10179000E4BC072002F06EF80428DBD1D7E700BFD5
:1017A000BC2A00201C00002018000020100000208F
:1017B0000C00002004000020000000200800002091
:1017C000DC2600201400002038B540F2DF73984278
:1017D00004460D4606D10A4601462F480AF024F871
:1017E000002038BD072002F045F801284ED12946D7
:1017F000204603F09BFB072002F03CF8022803D1AF
:101800002946204609F0D6F9072002F033F80328CC
:1018100003D12946204609F085FB204B2A4618684B
:1018200021460368DB6898471D4B2A461868214605
:1018300003681B6998471B4B2A46186821460368B2
:101840005B699847184B2A461868214603681B694C
:101850009847164B2A461868214603681B68984724
:10186000134B2A461868214603681B689847114B9A
:101870002A461868214603681B6998470E4B2A467A
:101880001868214603681B689847A9E7072001F0FC
:10189000F1FF0428AFD1AAE7DC2600201C000020BD
:1018A00018000020100000200C0000200400002080
:1018B00000000020080000201400002010B504469D
:1018C000818800680DF0E7FCA37900280CBF18465A
:1018D00083F0010010BD000008B50248FFF7EEFFDD
:1018E00008BD00BFD42B0020818800680DF0CEBC5D
:1018F000818800680DF0CCBC2DE9F74FA02001F0E5
:10190000B9FF0746842001F0B5FF0446A82001F086
:10191000B1FF81460DF0FAFE06F0DEF9774BDFF8F5
:10192000E081186803685B689847842001F0A2FF93
:101930000128054640F0C5803FB287EAE770A0EB7A
:10194000E77080B207F008F9002106460FF0C8FAE8
:1019500090B1002001F08EFF04280DD0232001F06B
:1019600089FF002840F0A8808742B8BF4FF0FF35BC
:101970004D4518BF06F1004648460FF0BFF8314606
:101980000FF010F90546D8F8000003685B68984727
:10199000D8F80000294603685A4F1B699847A720CA
:1019A00001F068FF0546322001F064FF8542386A85
:1019B00080F28B80FFF798FFD8F80000524E036842
:1019C0001B6A98470FF0CAFA05B22946A02001F019
:1019D00071FF082001F04EFF4C4B53F8200006F039
:1019E0002BFD012C01D0042C08D1306885EAE5716B
:1019F0000368A1EBE5719B6989B29847D6F800901E
:101A0000A920D9F80030D3F81CA001F03BFF014613
:101A10004846D047306803685B6898473C4B186875
:101A20000368DB6898473B4B186803685B68984716
:101A3000042C4DD1384B186803685B6898472846DA
:101A400006F006FF8246A32001F014FF814616200F
:101A500001F010FF81454FF03900D4BF4FF000096D
:101A60004FF0010901F00EFF0190292001F00AFF5B
:101A700051460FF053FAB0FA80F351465B090198D2
:101A80004FEAC30B0FF036FAB0FA80F040094BEA88
:101A9000800343EA89152946872001F00BFFDFF810
:101AA0007C90052C00F2AC80DFE814F03A00FC01D9
:101AB000C200C901E4012202002FA8BF4FF0FF3588
:101AC00056E707F0C9F8002562E7FFF711FF73E753
:101AD000052001F0CFFE032804D10F4B18680368DE
:101AE0005B689847012CAAD1DA2001F0C3FE411CA3
:101AF00001F00F01DA2001F0DDFEA0E70C0000206C
:101B00001C000020D831002018000020BC2A002032
:101B10000000002008000020100000201400002019
:101B20004FF00008AD4B414683F80080AC4BAD4808
:101B300083F800800CF0F9FDAB48FFF7D9FEB869D7
:101B4000FFF7D6FE4146A82001F0B4FE3068A74D4D
:101B500003685B69984785F80080DFF89482B8F8DD
:101B60000030002B57D1A348FFF7C2FEF869FFF7FA
:101B7000BFFEA148FFF7BCFEA32001F07BFE82461A
:101B8000162001F077FE824518DA306803689B6BF7
:101B9000984798B1306803685B6B984770B1974B72
:101BA0001B785BB1012419232C70A8F800300DF0CC
:101BB000ADFD934B1860894B1C700224914B1B7830
:101BC00053B11923A8F800300DF0A0FD8C4B02246E
:101BD00018600123824A137082480CF0AAFD58B1A4
:101BE0001923A8F800300DF091FD854B01211860F4
:101BF0007C480CF09AFD02242146842001F05AFE14
:101C0000F868FFF775FE0022D9F800001146036856
:101C1000DB6898478DE0013BA8F800307A4B1868E4
:101C200003689B689847B8F80030002BA4D19AE766
:101C3000DFF8D0B19BF80030002B40F09A80D8F844
:101C40000020724B9A4202D06748FFF74DFEF869B8
:101C5000DFF89C81FFF748FEB869FFF745FEB8F84A
:101C60000030002B40F092806348FFF73DFE684A49
:101C70001388002B40F09280002D00F09680584B86
:101C80001B7823B19BF80030002B08BF0024534B76
:101C90001B7833B1306803685B6B9847002808BF36
:101CA000002450480CF043FD28B14E480CF041FD93
:101CB000002808BF0024392001F0DCFD0EF01EFFD3
:101CC00051460FF02BF968B10DF020FD4C4B1B680D
:101CD0000533984206D94848FFF70AFE032006F06C
:101CE00001F803242146842001F0E4FD012C40F09A
:101CF0001781512001F0BEFD00284FF001047FF74D
:101D00007FAFF868FFF7F0FDD9F80000414903689C
:101D10009B689847D9F8005052202B68DE6801F084
:101D2000A9FD0746DF2001F0BBFDB9B202462846F7
:101D3000B047072001F09EFD022808D10A2001F0DB
:101D400099FD354B53F82010204608F045FF072039
:101D500001F090FD032840F0E6800A2001F08AFDA2
:101D60002D4B53F82010204603B0BDE8F04F09F08A
:101D70000BB9072001F07EFD00287FF468AFD8F88A
:101D80000020264B9A427FF462AF5DE7013B9BB295
:101D9000A8F80030002B7FF46AAF65E7013B9BB2E7
:101DA0001380002B7FF46BAF66E7104B1A784AB1B3
:101DB0001D70192329468920A8F80030012401F05C
:101DC00079FD5CE79BF8003053B31923294689203D
:101DD000A8F80030042401F06DFD50E7A02A00208F
:101DE0009F2A00209C2600204C2C0020A22A0020A4
:101DF000220000209C2C0020542C00209C2A002033
:101E000098260020CA2A00201000002074290020F3
:101E10002000002000004842BC2A0020EC290020BD
:101E200042480CF086FC00283FF429AF19232946CC
:101E30008920A8F80030052401F03CFD1FE70022AE
:101E40003B4B3C481A70FFF753FD3B4B1B7823B1CB
:101E50003A4B1B78002B08BF0024394B1B78002B12
:101E60003FF4CAAE306803685B6B9847002808BF30
:101E70000024C1E6334D2B8873B93348FFF734FD96
:101E800005F052FF2D4B1B78002B7FF4B5AE4FF4BD
:101E900096721C462A80AFE6013B9BB22B80002B3A
:101EA000EED1EAE7274D2B88E3B92748FFF71CFD61
:101EB0002648FFF719FD8420012101F0FBFC05F005
:101EC00033FF306803685B6B984718B94FF496731B
:101ED00004462B802146842001F0ECFC012C3FF4C9
:101EE00008AF8DE6013B9BB22B80002BE3D1DCE7F2
:101EF000144C238873B91448FFF7F6FC0B480CF018
:101F00001AFC0A480CF015FC10B94FF496732380A4
:101F10000524F6E6013B9BB22380002BEED1EAE7D5
:101F2000052CF5D06CE603B0BDE8F08F9C260020B0
:101F3000A22A0020542C00209F2A0020CA2A002018
:101F4000A02A0020220000209C2C00204C2C0020E5
:101F50002DE9F14F842001F08DFC05469F4BDFF801
:101F600080A218680368DB689847042D04D1DAF86A
:101F7000000003681B6998479A4C2378022B07D10D
:101F8000994B1B7823B1994B18680368DB68984715
:101F90002378012B02D9033B012B0AD8934E3068DA
:101FA0000368DB68984723781BB930680368DB68EF
:101FB000984706F029FF8E4B8E4F1968D020DFF826
:101FC000388201F077FCD120396801F073FCD2200F
:101FD000D8F8001001F06EFC884BD320196801F08E
:101FE00069FC0DF093FB864E0146DFF81892E42061
:101FF00001F060FCD420318801F05CFC99F80030DD
:10200000814C022B2ED1814B1B785BBB042D1AD146
:102010007F49DFF800B20B68002B44D15D202370AC
:1020200001F028FC4FF49673584379490860DBF8B7
:102030000030B3F5967F15D10023CBF800303388FC
:10204000013B33800EE0744A3B6812789A4228D1F3
:10205000724AD8F8003012789A4222D1338803B3FA
:102060000123237099F800303BBB684B1B780BB9F8
:10207000012323706F2001F0FDFB012821D1712085
:1020800001F0F8FB664B8346586802F0C7FA064633
:102090000146DC2001F00EFCB34551DA002121702D
:1020A00057E00023DDE7DBF80020013B01320B6045
:1020B000CBF80020002BBAD1B0E7012BDAD10023F6
:1020C000D7E7702001F0D6FB0128D8D0DAF800005D
:1020D000544A036812789B692178984708B1012D0A
:1020E0003BD1414B1E78002E40F0B2803146852016
:1020F00001F0E0FB4C4B042D1E7036D0012D37D182
:102100000022424B6F201A7001F0B4FB02285FD10D
:10211000722001F0AFFB8146732001F0ABFB404B16
:102120000646986802F07AFA01460446DD2001F07E
:10213000C1FBB1457EDCA1457EDCA64218DA82E017
:1021400099F80030012B03D1304A127802B923707C
:102150000121C22001F0AEFBB8E70121324B8520FE
:10216000197001F0A7FB042D02D11F4B1E784EB150
:1021700029463A682D48D8F8003001B0BDE8F04F44
:102180000CF0F2BA8A2001F075FB81463E2001F086
:1021900071FB81450CDB902001F06CFB81464020F7
:1021A00001F068FB8145DFBF0122184B26701A70D1
:1021B0001F4B186803689B68984700210EF086FE45
:1021C0000028D5D0002301222370104B1A70CFE7CE
:1021D000702001F04FFB0228CAD199E718000020B7
:1021E00010000020B22A0020C92A00200C00002084
:1021F000982A0020942A0020902A00208C2A00206F
:10220000AC2A0020B12A0020B02A0020C82A0020D1
:10221000A82A0020A42A0020AF2A0020AE2A0020ED
:10222000C8310020A12A0020CA2A00209C260020B4
:1022300004000020A14504DA074B986AFFF758FB19
:1022400096E7A64294DD044B986AFFF74DFB8FE7B3
:10225000042D7FF453AF8BE7D83100202DE9F843EC
:10226000924B934D998818680DF018F80DF020F8EE
:10227000904B914C186801F0CAFA0EF03FFC8F4960
:102280000EF044FD0146DB2001F022FB05F058FD75
:102290000146862001F00EFB842001F0EBFA29684C
:1022A0000646206806F0DEF9072001F0E3FA08B1DF
:1022B00006F0EAFC2068824F03689B6A9847014653
:1022C000B02001F0F7FA20680368DB6A98470146FE
:1022D000AE2001F0FDFA06F00BFD386803689B683C
:1022E0009847206803689B689847764B186803688E
:1022F000DB689847744B18680368DB689847734B32
:10230000186803681B699847286803689B689847A2
:102310006F4B186803689B6998476E4B186805F007
:102320003FF96D4B6421186809F0BBFB6B4B1B78C0
:102330000BB10BF099FAA82001F09CFA684D002827
:10234000686A65DAFFF7D0FA012E286963D1FFF7D2
:10235000CBFA3868DFF88C8103689B69984701469F
:10236000A92001F0B5FA386803685B69984701460F
:10237000AA2001F0ADFA386803685B6A98470EF04E
:10238000BDFB0146BE2001F0A3FA38680368DB6993
:10239000984701468E2001F09BFA2068524C036852
:1023A0005B6B98470146BD2001F084FA4F4BAB2090
:1023B000196801F07FFA4E4B1B78012B03D0042BD8
:1023C00001D0237823B1D8F8000003689B689847B0
:1023D000D8F80000DFF81C91036899F800105B69D9
:1023E0009847D8B9444B1F78C7B9237833B13946D9
:1023F000852001F05FFA414B27701F70D8F800006C
:1024000099F8001003689B6998473D4B18700CE0E1
:10241000FFF76EFA98E7FFF76BFA9AE7012E1EBFF7
:102420000122364B1A7001232370DFF8D880364F13
:10243000D8F80400B84206D0FFF740FA0146DF2082
:1024400001F038FA69E06F2001F014FA03285FD137
:102450002E4BD86802F0E2F801460446DE2001F077
:1024600029FA542001F006FA022840F0A0805520F5
:1024700001F000FAA04280F2A980542001F0FAF99C
:10248000032811D1552001F0F5F98146562001F0BD
:10249000F1F96423A4EB09015943A0EB090091FB76
:1024A000F0F1532001F006FA0121C8E7942C002036
:1024B00008000020CC2A0020180000200000204145
:1024C0001C0000201000002004000020000000205C
:1024D00014000020B82A0020B42A00209E2A0020E0
:1024E000D83100200C000020C92A0020F42E002042
:1024F000B22A0020B02A00209D2A0020CA2A0020EB
:10250000A12A002028320020C42B0020C83100203E
:10251000702001F0AFF903289AD0D8F80800B8422B
:1025200008D0FFF7CBF94A4B187018B10421852069
:1025300001F0C0F90BF04EF90BF064F9D8F8140073
:10254000444CB84203D0FFF7B9F900285CD001230E
:102550002370042E01D0012E6CD1A92001F092F934
:102560000446D72001F08EF9014620460EF0D6FC35
:1025700000284ED0A92001F085F90446762001F00C
:1025800081F921460EF0ACFC002844D0E86AFFF740
:10259000ABF9286BFFF7A8F9012E53D1B82001F051
:1025A00069F901284ED1686BFFF79EF94DE0542080
:1025B00001F060F903283FF45AAF542001F05AF9B2
:1025C00030B9552001F056F9A04207DC002136E76A
:1025D000542001F04FF901289FD1F2E7542001F077
:1025E00049F901287FF460AF552001F043F9814695
:1025F000562001F03FF96423A4EB09045C43A0EBEF
:10260000090194FBF1F14CE720700D2005F06AFB05
:102610009FE7D720AFE7762001F034F90E490EF09E
:10262000B7F921460EF07AFC0028B2D0E86AFFF72D
:102630005FF9AEE7E86AFFF75BF9052EA9D0286BD2
:10264000FFF756F9686BFFF753F9BDE8F88300BF51
:102650009D2A00209C2A00200000A040FEE70000E8
:102660000C2838B510D80C2819D8DFE810F0D300A2
:10267000D600E8001800DC00D900E2001800EB00EA
:10268000EB00EB00EB00EB00502800F0CF8000F2F5
:10269000B5803C2800F0DE80492800F0CD80232062
:1026A00001F0E8F840B1002001F0E4F8082803D078
:1026B0000021232001F0FEF8162001F0DBF8684D20
:1026C000684C2860172001F0D5F82060182001F030
:1026D000D1F86860192001F0CDF860601A2001F08F
:1026E000D1F8614D614C28601B2001F0CBF82060CF
:1026F000332001F0C7F85E4B2168186028680EF09F
:10270000EFFB50B15B491A2029605B4D256001F059
:10271000DFF829461B2001F0DBF81C2001F0B2F89D
:10272000564B574C18602E2001F0ACF8554B1860F2
:102730002F2001F0A7F8544B1860312001F0A2F8C7
:10274000524B1860262001F095F8514B18601E205E
:1027500001F098F84F4B1860242001F093F84E4B8D
:102760001860302001F08EF84C4B18601D2001F0ED
:1027700089F84B4B1860052001F07CF8042001F02B
:1027800079F8484B18702378012B22D15A2001F098
:1027900071F8454B1860592001F06CF8434B1860F4
:1027A000582001F067F8424B1860572001F062F89A
:1027B000404B18605B2001F05DF83F4B18705C20C7
:1027C00001F058F83D4B18705D2001F053F83C4B78
:1027D0001880452001F04EF820705D2001F04AF885
:1027E0004FF496735843374B186008F013F908F00C
:1027F00063F9BDE8384034480BF0F6BF692805D8C6
:1028000066287FF64CAF00F039FE48E77938042897
:10281000F9D944E7FEF79AFE41E7FEF733FE3EE7BB
:10282000FEF732FD3BE7FEF775FD38E7FEF7D8FE11
:1028300035E7FEF7A1FD32E7FEF7D0FD2FE7FEF703
:10284000F3FD2CE7214C206804F0A4FC606804F040
:10285000A1FC24E704F084FA04F070FA1FE700BF3B
:10286000EC2E0020E42E0020E02E0020DC2E0020A4
:10287000A42E00200080BB440000C842D82E0020B7
:10288000B12A0020D02E0020C82E0020C42E002007
:10289000A82E0020C02E0020BC2E0020CC2E002010
:1028A000D42E0020B22A00208C2A0020902A00205A
:1028B000942A0020982A0020AF2A0020AE2A002067
:1028C000AC2A0020A82A00209C260020BC2A002038
:1028D000014B186800F064BFCC2A002000B589B015
:1028E00003A804F0BDFA28B1DDF815300193DDF836
:1028F0001930029304F02FFA4FF400400CF084FBDF
:102900000499A1F58473012B05D8044B01AA18681A
:1029100003681B69984709B000BD00BF0C00002088
:1029200008B500200CF02EFF104B1A6801323B2A2C
:102930001A600F4A05D911680131116019683C39D4
:10294000196013683B2B0B4B05D9196801311960CD
:1029500011683C3911601A68172A06D906490A68B5
:1029600001320A601A68183A1A6008BD8C2A0020E1
:10297000902A0020942A0020982A00202DE9F04374
:10298000ADF6842D00F0C4FB00F0EEFC0022C2493D
:10299000C24801F083FE0122BF49C14801F07EFE1A
:1029A0000122C049C04801F079FE0222BA49BF485D
:1029B00001F074FE0322B849BD4801F06FFE052204
:1029C000B549BC4801F06AFE0422B349BA4801F097
:1029D00065FE0B22B049B94801F060FE04232022B5
:1029E000B749B84801F0D3FB04238022B449B64864
:1029F00001F0CDFB04234FF40042B449B44801F088
:102A0000C6FB04231022A749B24801F0C0FB0423EF
:102A10000822A449B04801F0BAFB072380229E494E
:102A2000AE4801F0B4FB07230422AD49AD4801F0E4
:102A3000AEFB07234FF40042A149AB4801F0A7FBCE
:102A400007234FF480429E49A84801F0A0FB0723CA
:102A50004FF400529A49A64801F099FB07234FF41E
:102A600000729749A34801F092FB07234FF480724C
:102A70009349A14801F08BFB07234FF480629049F2
:102A80009E4801F084FB07234FF400628C499C4868
:102A900001F07DFB072340227F499A4801F077FB34
:102AA00007234FF480728949974801F070FB072390
:102AB0004FF400727849954801F069FB07234FF401
:102AC00080727549924801F062FB07234FF48052EF
:102AD0007B49904801F05BFB0523082280498E4822
:102AE00001F055FB052310227D498C4801F04FFB76
:102AF000052320227A498A4801F049FB0723402216
:102B00007749884801F043FB072308226C4986482F
:102B100001F03DFB072304226949844801F037FB9B
:102B200007234FF480525F49814801F030FB0723AF
:102B30004FF480426A497F4801F029FB07230122B4
:102B400058497D4801F023FB072380225F497B48D9
:102B500001F01DFB072340225C49794801F017FB77
:102B6000042340225649774801F011FB0423102228
:102B70005349754801F00BFB0023802258497348E4
:102B800001F005FB01F0DEFC71494FF000700CF024
:102B900073FB00F079FB00F0A7FB05F06FF800F085
:102BA00019FB00F043FB00F069FCEF20FFF758FD34
:102BB0005548FEF79DFE5F48FEF79AFE142000F090
:102BC0006FFE012780F00100C0B2C3AD0023614A4F
:102BD00061490190009738A800F01CFF0DF5AD6920
:102BE0000023022228465D4905F0A0FA02225C4932
:102BF0003B46484605F09AFA5A4B0F2004935A4B2D
:102C00000DF2C4740593594B18AE069300F032FED2
:102C10003A46002814BF49462946204604F0AAFF38
:102C200022462946304608F0E9FEDFF844810321B8
:102C3000304608F013FF284604A9C8E9005904F0FB
:102C40007DFA04A9484604F079FA4A4B0A201C6030
:102C5000494B1C60494B1C60494B07AC1E6000F09F
:102C600009FE58F820500E2000F004FE58F82010FD
:102C7000444808F0D1FD04F073F804F05FF84FF415
:102C800096424149204609F007FF404B1C600EACBC
:102C9000FEF75CFC7CE000BF00100140E82C002047
:102CA000E42C0020000C0140E02C0020DC2C002053
:102CB000D82C0020D42C0020D02C0020CC2C00209C
:102CC00000140140C42C0020BC2C0020000801404E
:102CD000B42C0020AC2C0020A42C00209C2C002024
:102CE00000180140942C00208C2C0020842C002003
:102CF0007C2C0020742C00206C2C0020642C0020E4
:102D00005C2C0020542C00204C2C0020442C002053
:102D10003C2C0020342C00202C2C0020242C0020C3
:102D20001C2C0020142C00200C2C0020042C002033
:102D3000FC2B0020F42B0020EC2B0020E42B0020A7
:102D4000DC2B0020D42B0020CC2B0020C42B002017
:102D5000C0004000042C010800480040006400400E
:102D60000068004084110108C9170008791600089E
:102D7000BC2A00203C31002094320020B82A0020D8
:102D8000B42A0020DC26002000380140B0260020B4
:102D9000FEF778FBFEF778FAFEF7BCFAFEF7ECFADE
:102DA000FEF71EFCFEF71AFBFEF73EFB1C49204611
:102DB00000F0A0FC1B4B3A4620461B491C6000F06B
:102DC000BBFC0A222046194900F0B6FC64222046CA
:102DD000174900F0B1FCC8222046164900F0ACFCAF
:102DE000782000F047FDB84202D1284602F020F8D2
:102DF0000421832000F05EFD0021842000F05AFDB4
:102E00004FF0000438A88DF80F4000F0BBFF736945
:102E1000002BF7D10DF10F0119A806F071FAF1E7B7
:102E200000080040CC2A00202D120008F9180008E4
:102E30005D220008511F000810B500245C4B5D4A5C
:102E40001C741A605C4B5D4A1C721A60DC721C7345
:102E50005B4A5C4B5C481A605C4B5D4A1A6007F049
:102E6000CFFD5C4B5C4A1C621A601C775B4A5C4B72
:102E70005C481A605C4B5D4A1A605D4B5D4A1A60A3
:102E80005D4B5E4A1A605E4B5E4A1A605E4B5F4A5B
:102E90001A605F4B5F4A1A605F4B604A1A60604B72
:102EA000604A5C751A60DC825F4A604B1A60604B56
:102EB000604A1A60604B614A1A60614B614A1A604D
:102EC000614B624A1A60624B624A1A6004F01AF956
:102ED000614B624A62481A6007F0C0FB614B624A6C
:102EE00062491A60624B634A63481A60634B644AE2
:102EF0001A60644B644A1A60644B654A1A60654BF9
:102F0000654A1A60654B664A1C721A60654B664AD0
:102F10001A60664B664A1C721A60664B664A1A60F3
:102F2000664B674A1A60674B674A1A60674A684B84
:102F3000C2E9024413600023D162136153619361BB
:102F4000D361136253629362624A1060624A6348BB
:102F5000C2E90444C2E90644106013626048536247
:102F60009362D3625F4AC2E90244C2E9044410603A
:102F70001483D361136253629362D3621363536306
:102F80009163594B594A5A481A605A4B5A4A1C7312
:102F90001A605A4B5A4A1C731A605A4B5A4A1A60A2
:102FA00009F0EEFCBDE8104058480BF0B9BB00BF7B
:102FB000782A0020CC3401085C2A0020982C0108D3
:102FC000D82E01084C2A0020282A0020402A002060
:102FD000202F0108042A0020D02D010830310108DB
:102FE000EC2900204C290020E4290020903201081F
:102FF000DC290020C0320108D429002064360108F1
:10300000CC290020EC120108C4290020BC120108C0
:10301000BC290020F0320108B4290020E431010865
:103020009C2900205834010894310108942900207B
:103030008C290020683101088429002038360108D5
:103040007C290020E837010874290020682F010836
:103050006C290020D81101084429002074120108AD
:10306000382900202C290020403901080000FA43AB
:103070002429002098120108C038010818280020CF
:10308000143501080C2800209C3801080028002075
:1030900040370108F427002064370108E4270020A6
:1030A0001C370108D827002088390108C8270020CC
:1030B00064390108C027002010120108B42700203D
:1030C000DC380108AC270020581201087C270020BA
:1030D0003C340108742700204427002020340108D4
:1030E000243901080827002000270020B811010812
:1030F000B4260020F0260020AC340108E026002091
:10310000B4390108D4260020941101089C2600201F
:1031100008B52E480CF01AFA02200CF0C3F94FF053
:10312000E0232B4A40F20230C3F80C2D0CF06CFA6D
:1031300040F203300CF068FA4FF441700CF064FA7E
:1031400040F205300CF060FA40F206300CF05CFA08
:1031500040F292300CF058FA40F291300CF054FAF0
:1031600040F20E300CF050FA40F20B300CF04CFAFA
:103170004FF460700CF048FA40F281300CF044FAE1
:1031800040F282300CF040FA4FF420700CF03CFA20
:1031900040F209300CF038FA40F286200CF034FA94
:1031A0004FF440700CF030FA40F299300CF02CFAE9
:1031B00040F29A300CF028FA40F28E300CF024FAEB
:1031C000BDE8084040F28F300CF01EBA3C3A0108CE
:1031D0000003FA0513B50024202123462246CDE939
:1031E000004410480CF044FB21460E480CF038FB1C
:1031F0000C480CF027FB0B480CF02DFB4FF4204340
:103200000222032108480CF001F84FF48043012208
:10321000214605480BF0FAFF024802B0BDE8104015
:103220000CF004BB00380040000C014013B5002432
:103230004FF080514FF000700CF01EF823462246EC
:103240002021CDE900440E480CF012FB0C480CF094
:10325000F9FA0B480CF0FFFA4FF4A05302220321B5
:1032600008480BF0D3FF4FF40063012221460548C4
:103270000BF0CCFF024802B0BDE810400CF0D6BA0B
:10328000003C00400010014008B502220423032145
:1032900012480BF0BBFF0823012200210F480BF05E
:1032A000B5FF0F490F480CF0A1FC08210D480CF0A8
:1032B000AFFC00210B480CF0B4FC0C2109480CF0C9
:1032C000BCFC002107480CF0B2FC064800210CF0C1
:1032D000BAFCBDE8084003480CF0BBBC0008014044
:1032E00020A107000044004008B511200CF04CFD5F
:1032F000F02111200CF054FD10200CF045FDF021C0
:1033000010200CF04DFD1E200CF03EFD00211E2073
:103310000CF046FD14200CF037FDE02114200CF0D9
:103320003FFD13200CF030FDE02113200CF038FDA0
:1033300028200CF029FD4FF400400BF057FE01212E
:103340004FF400400BF02EFE06494FF400400BF006
:1033500061FE03200CF018FDBDE808402021032089
:103360000CF01EBD0018014008B54FF223410320A8
:103370000CF042FA00200CF0D3F900200CF002FA15
:10338000BDE8084000200CF0DBB90000022208B5BF
:1033900011464FF4007316480BF038FF15480CF037
:1033A000AFFA00232022194612480CF082FA20219D
:1033B00010480CF0AAFA072200210E480CF0A9FAD6
:1033C00000210C480CF0AAFB0A480CF001FC4FF459
:1033D000C872002107480CF0EBFB06484FF48861E7
:1033E0000CF095FABDE8084002480CF084BA00BF22
:1033F00000180140002C014008B5022303211A46A1
:103400001D480BF003FF4FF080400CF079FA0023C9
:103410004FF080401A4619460CF04BFA00214FF04D
:1034200080400CF072FA4FF080400CF04BFA4FF0F5
:1034300080400CF05BFA8F214FF080400CF067FA6F
:1034400002214FF080400CF08EFB062202214FF04B
:1034500080400CF05EFA02214FF080400CF05EFBE1
:103460004FF08040482202210CF0A2FBBDE808404A
:103470004FF080400CF03FBA00080140692010B5C1
:1034800000F0F8F90F2807D10222012311469348D2
:103490000BF0BCFE00240CE0692000F0EBF91028D2
:1034A00040F08E800222012311468C480BF0AEFEC4
:1034B0000124682000F0DEF90F2840F09A800222F3
:1034C0008023114686480BF0A1FE672000F0D2F958
:1034D0000F2840F0B18002224023114680480BF0B3
:1034E00095FE80480CF00CFA00217E480CF0EFF9B4
:1034F0007C480CF0E7F9062200217A480CF009FA22
:103500000622022177480CF004FA062204217548AD
:103510000CF0FFF9002173480CF0C1FA0221714848
:103520000CF0BDFA04216F480CF0B9FA00216D4887
:103530000CF0CFFA02216B480CF0CBFA0421694859
:103540000CF0C7FA002167480CF0E8FA0221654840
:103550000CF0E4FA042163480CF0E0FA002C40F08F
:103560008E807A2000F086F901465E480CF0CFF993
:103570007B2000F07FF9214602465A480CF018FBE8
:103580007C2000F077F90221024656480CF010FB2F
:103590007D2000F06FF90421024652480CF008FB30
:1035A000012150480CF019FB792000F063F9014625
:1035B0004C480CF0AAF9BDE810404A480CF09BB901
:1035C000692000F057F911283FF46CAF692000F032
:1035D00051F912283FF466AF692000F04BF9132827
:1035E0003FF460AF072301223C493F4800F0CFFD84
:1035F00050E7682000F03EF9102815D0682000F050
:1036000039F9112810D0682000F034F912280BD0B5
:10361000682000F02FF9132806D0072380223049B4
:10362000324800F0B4FD50E70222802311462C48B6
:103630000BF0ECFD012448E7672000F01BF910288F
:1036400015D0672000F016F9112810D0672000F07F
:1036500011F912280BD0672000F00CF9132806D0BE
:10366000072340221E49224800F091FD39E702223B
:10367000402311461A480BF0C9FD012431E740F6FA
:103680009F717A2000F016F940F69F7115480CF0F2
:103690003EF901217B2000F00DF9012200211148A3
:1036A0000CF086FA01217C2000F004F901220221AD
:1036B0000C480CF07DFA01217D2000F0FBF801227E
:1036C000042108480CF074FA012106480CF085FA30
:1036D0001121792000F0EEF8112169E7000C01407A
:1036E0000008014000040040EC2B0020E42B0020E7
:1036F000DC2B002038B50C460546016208460CF06C
:10370000E1F820460CF0EDF8094B20461968094B0A
:103710004900B1FBF3F101390CF0F7F820464FF600
:10372000FF710CF0F4F8002328466B6238BD00BF2F
:103730004C250020A0860100F8B5436A0446032BFF
:103740000F462ADC006A02EB8205144E0CF0D8F812
:10375000636A0122F15C206A0CF0DBF8636A0022E4
:10376000F15C206A0CF024FA0221636A05EB8505FE
:1037700003F10802AD0044F82370994024F8125078
:10378000206A0CF089F80021206A0CF02CFA206ADB
:103790000CF0B1F8636A01336362F8BD10130108DD
:1037A0002DE9F843044600254FF0020800F1100609
:1037B000636A08FA05F7AB420ADC3946206A0CF066
:1037C00075F80135042D06F10206F1D1BDE8F88344
:1037D0003946206A0CF064F8A8B1206A0CF001FAAE
:1037E000236A3188343353F8252081460A4443F84C
:1037F000252054F825309847206A0CF0F2F9A0EB08
:1038000009003081D9E7636AAB42DADCD5E70021F1
:1038100070B500F10E03446A4FF47A7508468C4285
:1038200000DC70BD5A8933F8026F6A43B2FBF6F2CE
:1038300001311044F3E7000010B51C24084B04FBD1
:103840000033DC688C4209DC1B698B4206DB054BCC
:1038500043F82010FEF704FF002010BDFF20FCE716
:10386000E003002024000020014B53F820007047A3
:1038700024000020024B53F820004011704700BF85
:103880002400002008B5054B53F820000DF036F950
:103890004FF074510DF086F908BD00BF24000020E0
:1038A000034B53F820004011431E584258417047C3
:1038B00024000020024B490143F82010704700BF4C
:1038C00024000020014B43F8201070472400002002
:1038D00010B5044608464FF084410DF063F90DF031
:1038E0003DFB024B43F8240010BD00BF2400002024
:1038F00070B506460024074D3146686800F0A0FB0D
:1039000008B9E0B270BD0134EF2C05F11C05F3D10C
:10391000F020F7E7E00300200023064A118B8142E4
:1039200001D1D8B270470133EF2B02F11C02F5D15F
:10393000F0207047E00300201C22024B02FB003005
:10394000704700BFE00300200023064A0649108BA1
:1039500010B1506941F823000133EF2B02F11C0232
:10396000F5D17047E003002024000020014B1954DA
:10397000704700BFD02A0020024B1A5C1143195433
:10398000704700BFD02A0020024A135C23EA0103DB
:1039900013547047D02A0020014B185C704700BFB9
:1039A000D02A00201C22024B02FB0033987E704775
:1039B000E003002000487047518E0300024B1A6854
:1039C000024BC3F8B02E704734240020E0030020DF
:1039D000202180680CF063B980680CF058B910B5EC
:1039E00004464368597A58680BF0B4FA636804F1E6
:1039F0002A02597A58680BF0BFFA63688022597A14
:103A000058680BF0C9FA6368BDE81040597A5868E5
:103A10000BF097BA70B5026140F201120D464C49A5
:103A20008282016001210022817580F828100446FD
:103A30000421C0E9062280F8202042629DF810206F
:103A4000856080F829209DF81420037380F82A22CD
:103A5000404A42601068A84203D01C3201396260BB
:103A6000F8D13D490C60002B6FD05069138B0222B6
:103A700003210BF0CBFB28464FF4E1310CF0B6F8F4
:103A8000284608210CF0C4F828464FF400510CF0E9
:103A9000C8F828460C210CF0D0F8284600210CF07C
:103AA000C6F8002128460CF0CEF828460CF0E1F8C4
:103AB00028460CF0E3F86368197A58680BF0CEF9E1
:103AC0006368197A58680BF02AFA63682A1D197A14
:103AD00058680BF048FA63680022197A58680BF0AE
:103AE000F3F963680022197A58680BF0E1F963680A
:103AF000197A58680BF0F4F96368597A58680BF032
:103B0000ADF963682A1D597A58680BF02CFA63687E
:103B10000022597A58680BF0D7F963680022597A65
:103B200058680BF0C5F96368597A58680BF0D8F9F2
:103B300063685868597A0BF004FA2046FFF74FFF84
:103B400028460CF086F8204670BDD068138A8EE7B0
:103B5000902B0108942B0108C02B002038B5437D21
:103B60000D4643B10469216819B1284600F068FA8E
:103B700020B9236803B90024204638BD0834F2E791
:103B800038B504460D4663680222197A58680BF06E
:103B90007AF918B994F82830002BF4D06368197AB0
:103BA00058680BF0D7F96368AAB2197A58680BF015
:103BB000F3F994F82020636804EBC212197A58686C
:103BC000AA320BF0D9F963680222197A58680BF00F
:103BD00055F96368197A58680BF0B3F994F82030F6
:103BE000B3FA83F35B0984F82030002384F828308B
:103BF00038BD10B50446A37D084623B9A068BDE8CA
:103C000010400CF02BB894F82030626A04EBC31318
:103C100013440A2802F1010183F8AA0001D07F2A87
:103C200005D12046FFF7ACFF0023636210BD61623F
:103C3000FCE7802A28BF8022002330B4934203D1BE
:103C400030BC1946FFF79CBF90F82040CD5C00EBDC
:103C5000C4141C4484F8AA500133EFE738B5054674
:103C600008460C4600F003FA214602462846BDE805
:103C70003840FFF7DEBF000010B50446084600F0EC
:103C800049FA00F02EFA217D227B8142636811D12E
:103C9000012161755AB158691B8B032102220BF077
:103CA000B5FA2046BDE810400949FFF7D7BFD868EC
:103CB0001B8AF2E7002161753AB158691B8B01221A
:103CC000BDE8104000210BF0A1BAD8681B8AF6E7C6
:103CD0000325010830B5044685B0084600F01AFAFD
:103CE0000378302B26D0322B144D18BF4FF46125AA
:103CF000637DA3B10A22294601A800F0C8F9204635
:103D00000F49FFF7ABFF20460E49FFF7A7FF2046FC
:103D100001A9FFF7A3FF20460B49FFF79FFF2946A4
:103D2000A0680BF063FF0021A06805B0BDE830403B
:103D30000BF077BF4FF4E135DAE700BF10552200F2
:103D40000225010808250108232B010810B50446A7
:103D5000084600F0DFF9037823B1303B18BF012398
:103D600084F8293094F829302BB104492046BDE865
:103D70001040FFF773BF0249F8E700BF172501089D
:103D8000212501082DE9F04143680446597A586815
:103D90000BF0FBF80546C0F1800710B92046FFF78D
:103DA0001EFE94F82930A06813B1E369BB4258DBCA
:103DB00008210BF074FF10B1A0680BF068FF7F2D95
:103DC00000F3A180631B93F8A9300A2B02D00D2BBE
:103DD00040F086806368597A58680BF0BBF87F2DF5
:103DE0003AD00022E31983F82A202021E26104F16D
:103DF0002A0000F043F990F800800546B8F1000F62
:103E000037D10A2104F12A0000F038F9054684F878
:103E1000AA812B782BB90D2104F12A0000F02EF98C
:103E20000546002339492B7004F12A00A36100F0F4
:103E300007F920BB204604F5D571FFF71DFF0027C9
:103E4000A369002B42D0A0680BF025FFA369204690
:103E50005B6804F5D57198472046BDE8F041FFF74F
:103E6000BEBD5A1CE261234493F82A100BF0F6FE03
:103E700097E7411C04F5D57000F0F0F8C9E7244934
:103E800004F12A0000F0DCF868B994F82A322BB16A
:103E9000204604F5D571FFF71DFFD0E720461D49E8
:103EA000FFF7DCFECBE71C4904F12A0000F0C8F85C
:103EB00028B9204604F5D571FFF748FFBFE7204633
:103EC00004F12A01FFF74AFEA061B9E7012FC3DD23
:103ED000637D002BC0D020461049FFF7BFFEBBE733
:103EE00094F82A30212B0ED1A36963B12046FFF745
:103EF00076FD0023E361A369204604F5D5715B6874
:103F0000BDE8F0411847BDE8F08100BF2C2501084D
:103F10003725010840250108592501085E250108BB
:103F2000044B1B6823B11A68C1B2126818461047C7
:103F3000704700BFC02B002003F036BF07B506490D
:103F4000D1F8F027D1F8EC37D1F8E8170091034900
:103F500000F0EAFA03B000BD00F0FF1F7925010868
:103F600005F0CEB973B5144800F0CCFA134800F050
:103F7000C9FA0024E6B23046FFF7DEFC05463046BB
:103F8000FFF710FD68B93046FFF706FDC3070DD4F3
:103F90006B690B4800936968D5E9032300F0B2FA16
:103FA00004E03046FFF7FEFC0128ECD00134EF2C92
:103FB000E0D102B070BD00BF82250108992501083B
:103FC000B525010870B50B4900F0AEFA0024E0B247
:103FD000FFF7B2FC0546E0B2FFF7DEFCC30704D4EE
:103FE000D5E90112044800F08DFA0134EF2CEED12E
:103FF00070BD00BFC8250108EA250108F8B50646CE
:104000000024E0B2FFF798FC4768E0B2FFF72CFC11
:10401000013403463A463046024900F085FAEF2C57
:10402000EFD1F8BDF425010810B50446FFF78CFC6C
:104030002046BDE81040014900F076BAFD25010890
:10404000431E013913F8010F11F8012F10B10AB105
:104050009042F7D0801A18BF01207047013911F83B
:10406000013F0BB90370704700F8013BF7E70023ED
:10407000C25C0AB9184670470133F9E703461A785B
:1040800018461AB18A4203F10103F8D1704700299A
:1040900070B51EDA2D23012400F8013B4942064683
:1040A00091FBF2F302FB131130313170191E3546CA
:1040B00006F10106F4DC00220346201A3044327077
:1040C000AB420BD21A78297803F8011B05F80129B5
:1040D000F6E704D1302341700370012070BD002445
:1040E000DDE730B503782D2B11D14FF0FF340130CF
:1040F00000210A25431E01E005FB012113F8012FD1
:10410000303AD0B20928F7D904FB01F030BD0124C0
:10411000EEE7000010B5144C02780146A2F10A0344
:10412000DBB2162B1BD824FA03F3DA0700F10100E7
:10413000F2D40846FFF79BFF013808448142044649
:104140000AD203780A3BDBB2162B05D8064A01389F
:1041500022FA03F3DB07F1D40023637001E0002AA5
:10416000E7D1084610BD00BF09004000002310B58C
:10417000934200D110BD51F8234040F82340013351
:10418000F6E702B97047013A40F8041BF9E72DE958
:10419000F041174682800022013B0E460160827189
:1041A000082B0BD8DFE803F0080E0C1815052426A1
:1041B0001A000024002513E0012383710224F9E78B
:1041C0000123837102240025394630460BF05EF846
:1041D00006E001248471EDE70124EBE702240325C6
:1041E0003B46224629463046BDE8F0410BF00EB86A
:1041F0000024F4E701240325E6E770B50C1EACBFEC
:1042000001234FF0FF335C430133064608BF2D23E3
:104210004FF0640208BF06F8013B611104F01F046F
:104220000546544330460A22FFF731FF2E2264111F
:10423000092C3254D8BF302206EB0003D8BF5A7085
:1042400021464FF00A02CCBF581C981CFFF71FFFF5
:10425000284670BDF0B5027803462D2A13D14FF0E1
:10426000FF30013300250A2702E007FB0525013353
:104270001C78A4F13002D6B2092EF6D9A4B98D402B
:1042800025446843F0BD0120ECE78A4002EB66025A
:1042900092FBF6F20CFB06F6144413F8012F303AA9
:1042A000D7B2092FF1D9EAE70A260024B446F4E789
:1042B0002DE9F843141E0646894614DC2027DB0747
:1042C0001FD50025C84626E0013219F80210002942
:1042D000FAD1A242ACBF0C46A41A13F0020F14BFCD
:1042E00030272027EBE70022EFE7336841463046CE
:1042F0001B689847013D002DF7DC24EAE475641B38
:10430000E0E725465FFA87F8F5E7336830461B6833
:1043100008F10108984798F800100029F5D1A5EB9D
:1043200009054544A046FFB2B8F1000F05DC002C9A
:10433000ACBF2819281CBDE8F883336839463046DD
:104340001B68984708F1FF38EEE72DE9F04385B088
:104350008046DDE90C691C460D4651B930233246D2
:10436000ADF8003069464B46FFF7A2FF05B0BDE847
:10437000F08323B10A2A2DD100292BDA4D420023E4
:104380008DF80D300E9B0DF10D0C3A3BB5FBF2F0A4
:1043900002FB1051CF18092988BF3946AA4201F102
:1043A00030010CF1FF370CF8011C15D954B1B6B12E
:1043B00019F0020F13D0D8F800302D2140461B68A9
:1043C0009847013E4B46324639464046FFF770FF5C
:1043D0002044CBE70024D2E70546BC46D6E72D2390
:1043E000002407F8013CACF10207EBE70846FFF7B1
:1043F00097BD00002DE9F04380460E461446002587
:104400004FF00A098DB0317819B928460DB0BDE8D2
:10441000F08325296DD171780029F6D0252906F180
:10442000010065D02D290ABF01270027B01C0378A1
:10443000302B14D0002203780646A3F130015FFA36
:1044400081FCBCF1090F0ED9662B3DD00FD8632B30
:1044500044D0642B1CD0582B2ED00136D3E701302A
:1044600047F00207E3E709FB02120130E3E7752B8F
:1044700024D0782B19D0732BEFD1216820483B46EC
:10448000002908BF014604344046FFF711FF0AE047
:104490006123CDE90173012300920A22216840467D
:1044A0000434FFF752FF0544D7E76123CDE90173D8
:1044B000009200231022F1E74123F7E761230092E5
:1044C000CDE901730023E8E7216808A805920434C8
:1044D000FFF793FE3B46059A08A9D5E7236807A98D
:1044E0008DF81C30002304348DF81D303B46CBE79B
:1044F0000646D8F8003040461B6898470135ACE7BF
:10450000572601080FB407B504AA52F8041B054B3F
:104510006846CDE90032FFF76DFF03B05DF804EBAC
:1045200004B070478C2C01080EB403B503AA52F8EE
:10453000041B0192FFF75EFF02B05DF804EB03B0CD
:104540007047000008B529480AF01CFA27480AF00D
:104550001EFA26480AF025FA24480AF01DFA01211D
:1045600022480AF0FAF921480AF0BEF91F480AF079
:10457000D7F91E480AF0E7F91D4A08211B480AF03E
:1045800015FA1A480AF04AFA4FF4602117480AF05F
:10459000BDF90121174A18480AF0E5FC0121174A24
:1045A00015480AF0E9FC4FF48072012112480AF024
:1045B0008BFC4FF4806201210F480AF079FC6022E5
:1045C00001210D480AF0E8FC01210B480AF088FCA3
:1045D000012109480AF08DFC074801210AF0B1FCCD
:1045E000BDE8084001480AF00FBA00BF00240140AE
:1045F000AC2D00204C24014000000240EC2C002097
:10460000884207DD914203DC01469142A8BF114672
:10461000084670479042F8DD0146F9E737B56D4628
:10462000046804F13003F03433F8102C33F8201C04
:1046300033F8300CFFF7E4FF3033A34225F8020BC8
:10464000F2D1BDF80230BDF800001844BDF80430C6
:104650001844BDF806301844C0F38F0003B030BDD5
:1046600008B50D4B98420BD003F5806398420BD0F0
:10467000A3F5006398420BD1072909DCC8B208BD35
:10468000012905DC0831F9E7052901DC0A31F5E7E4
:104690000AF032F91020F2E7000C0140012370B556
:1046A00093400C4615460022064611469BB2204612
:1046B0000AF0ACFD29462046FFF7D2FF3368034AD3
:1046C0009B1A034AC3F34F03D05470BDEC2C002057
:1046D000AC2D00200D4B0E4A991C13600D4A116041
:1046E0000D4A191D11600D4A991D11600C4A03F104
:1046F000080111600B4A03F10A0111600A4A03F133
:104700000C011160094A0E3313607047EC2C002035
:10471000E82C0020E42C0020E02C0020DC2C0020E1
:10472000D82C0020D42C0020D02C0020CC2C002011
:10473000114A124B30B553F8213052F82140194636
:10474000A342A8BF2146026802F1C8058D4206DBDC
:10475000A342B8BF234603F1C804A24202DD0160B0
:10476000002030BD8A4202DA01600120F9E79A4256
:10477000FBDD0360F9E700BFEC2E0020E42E0020F3
:10478000012970B516D80C4B53F821400B4B53F848
:104790002150AC420ED0001B0CF0B0F90646281B8D
:1047A0000CF0ACF9014630460CF0B0FA04490CF0BC
:1047B000F9F970BD0020FCE7EC2E0020E42E00206B
:1047C0000000C842F8B5224B05461C680146204649
:1047D0000CF0A4FB00B12C461E4B21461E6830464F
:1047E0000CF07EFB00B126461B4D31462F68344647
:1047F00038460CF07FFB002198B130460CF08EFB60
:1048000068B1164B196838460CF0C4F831460446B6
:104810000CF084FB00B1344620462C60F8BD104BF0
:10482000F0E730460CF070FB0028F5D10021384647
:104830000CF074FB48B10020094B19680CF0A8F883
:10484000314604460CF04CFBE4E73846F4E700BF81
:10485000D02E0020C82E0020942E0020BC2E002038
:10486000C02E0020F8B5054689200E461746FFF7F2
:1048700001F83146044628460CF03CFBE0B94FF005
:10488000804130460CF086F829460CF047FBA8B171
:1048900044F01001892089B2FFF70CF8124D3E68F0
:1048A000002130460CF030FBA0B1294630460CF018
:1048B00017FB28B1344604E00C4DF0E70025EEE785
:1048C0002C46284609493C600CF00AFB003818BF0A
:1048D0000120F8BD05F10044214630460CF01EFBD6
:1048E0000028EED0E6E700BF000048420000C842C2
:1048F0002DE9F843044628200E46FEF7C3FF304F4B
:10490000DFF8C08038602920FEF7BCFFC8F800003F
:104910008920FEF7AFFFD7F80090054600214846F2
:104920000CF0FCFA30B3002120680CF0EDFA264FB1
:1049300020B3494630460CF02BF824490CF032F9EC
:10494000002106460CF0CCFAB0B100213960206895
:104950000CF0E4FA28B145F00101892089B2FEF794
:10496000A9FF26683D68304629460CF0B9FA00B127
:1049700035462560BDE8F8833146E7E73046D8F88C
:1049800000100CF005F811490CF00CF90021064656
:104990000CF0C4FA90B10021396020680CF0A0FA44
:1049A00028B145F00201892089B2FEF783FF26680D
:1049B0003D68304629460CF0B1FAD8E73146EBE7BE
:1049C000B82E0020B42E00209C2E00200000604055
:1049D0002DE9F8430D46364E3649044630680CF052
:1049E000E1F829460BF0D6FF4FF076510CF0DAF8DB
:1049F00030602A20FEF746FF2F4FDFF8C080386076
:104A00002B20FEF73FFFC8F800008920FEF732FF99
:104A1000D7F800900546002148460CF07FFA20B3F5
:104A2000002120680CF070FA3668254F08B3314633
:104A300048460BF0ADFF002106460CF051FAB0B12C
:104A40000021396020680CF069FA28B145F00801AE
:104A5000892089B2FEF72EFF26683D683046294638
:104A60000CF03EFA00B135462560BDE8F8833146CA
:104A7000E7E73046D8F800100BF08CFF002106461F
:104A80000CF04CFA90B10021396020680CF028FA43
:104A900028B145F00401892089B2FEF70BFF266892
:104AA0003D68304629460CF039FADBE73146EBE742
:104AB000B82D002000007041AC2E0020B02E002048
:104AC000982E0020104B70B51A68066801EB02148E
:104AD000A41A24110546002130461C600CF01EFA71
:104AE00088B10A4B1868001B48BF0330801020EAC9
:104AF000E0700CF003F80446014630460CF00EFA64
:104B000000B126462E6070BDB42D0020A82E0020D6
:104B1000F8B50E4A064614780D4F0134E4B2312C34
:104B20008ABF002323461C460A4D386855F82410D6
:104B300013700BF02DFF31460BF02CFF0649386047
:104B400045F824600CF0E2F8F8BD00BFBC2D002051
:104B5000882E0020C02D00200000484200000000E8
:104B60002DE9F8430446A0200E469046FEF782FE4B
:104B70000546A820FEF77EFE0746002800F0CA8002
:104B8000002DB8BF6D42B8F1000F2ED0632D40F359
:104B9000C18028460BF0B2FF614B07461D682946CD
:104BA0000CF09EF9002840F0B5805E4B38461E6838
:104BB0005D4B31461C680CF093F998B12946384694
:104BC0000BF0E6FE21460BF0EDFF29460446304689
:104BD0000BF0DEFE014620460CF098F800210BF0A9
:104BE000D9FE04462046BDE8F88331462046FFF74B
:104BF000C7FD4E4B06461C68014620460CF08EF958
:104C0000002875D1214630460BF0C2FE21460646EB
:104C100047480BF0BDFE014645480CF077F8314699
:104C20000BF0C0FF0446434B20461C60FFF770FFAB
:104C30000146064620460BF0ABFE3F4980460CF08D
:104C40004FF930B94FF07E5140460CF067F900B98A
:104C50003446632D4EDD28460BF050FF304B814625
:104C60001E6831460CF03CF9002843D12D4B4846D4
:104C7000D3F80080314B41461D680CF031F998B1F2
:104C8000314648460BF084FE29460BF08BFF314637
:104C9000054640460BF07CFE014628460CF036F8EF
:104CA00000210BF077FE0546254E012F356023D1FC
:104CB000284624490BF076FF05462249224B186806
:104CC0000BF070FF29460BF063FE21460BF06AFFE4
:104CD00017490CF01BF829460BF05CFE0BF052FB59
:104CE0000DA3D3E900230BF0A5FB0BF0FDFD78E746
:104CF000002498E70025D7E72720FEF7BBFD08B979
:104D0000002333600F4930680BF04CFF0D49054616
:104D10000E4BD4E7002465E79A9999999999B93F80
:104D2000DC2E0020E02E0020D42E0020C42E0020F7
:104D30000000C8428C2E0020000080BFD82E00202A
:104D4000902E002000002041D02E0020CC2E0020EC
:104D5000024B00BF013BFCD1704700BF00127A003C
:104D600010B50446002240F2215102F0F6F900226B
:104D700040F22251204602F0F0F9002240F2235185
:104D8000204602F0EAF9002240F22451204602F0C7
:104D9000E4F9002240F22551204602F0DEF900221B
:104DA00040F22651204602F0D8F9002240F2275165
:104DB000204602F0D2F92046BDE8104000224FF410
:104DC000A56102F0CAB900001FB50023064A00938E
:104DD000CDE902230823026840F2114154680DEB2B
:104DE0000302A04704B010BD340001001FB500232A
:104DF00032220093CDE902230823026840F21141D8
:104E000054680DEB0302A04704B010BD1FB500238A
:104E1000064A0093CDE902230823026840F21141BB
:104E200054680DEB0302A04704B010BD340101002B
:104E30002DE9F0430026184B85B005461E7020244E
:104E4000FFF7C2FF4FF04209FFF782FF4FF4C84857
:104E50002B68039600965F68082340F211410DEB22
:104E6000030228468DF808408DF80990ADF80A80B5
:104E70000134B847E4B22846FFF76AFFFFF7B6FFF0
:104E8000FFF766FF292CE3D12846FFF7BFFFFFF7A6
:104E90005FFF05B0BDE8F083041E0020D0F80220BB
:104EA000014B1A60704700BF102F0020D0F802207D
:104EB000014B1A60704700BF002F0020D0F802207D
:104EC000014B1A60704700BFFC2E0020D0F8022072
:104ED000014B1A60704700BFF82E0020054A138866
:104EE000013313800A22D0F8023093FBF2F3024A16
:104EF00013607047142F0020F42E0020D0F80220F9
:104F0000014B1A60704700BF082F0020D0F8022024
:104F1000014B1A60704700BF0C2F0020D0F8022010
:104F2000014B1A60704700BF042F00206FF4A46388
:104F3000C3180846072B15D8DFE803F00406080A53
:104F40000C0E1012FFF7AABFFFF7B0BFFFF7B6BFF6
:104F5000FFF7BCBFFFF7C2BFFFF7D0BFFFF7D6BF59
:104F6000FFF7DCBF70470161704741617047007A0D
:104F70007047007A70470023C372704710B504462B
:104F80000022616008464FF4987102F0E6F80022B2
:104F90004FF43F71606802F0E0F800224FF4906136
:104FA000606802F0DAF860680022BDE810404FF453
:104FB000D07102F0D2B800002DE9F0410025BCB05C
:104FC0008846F02268460F490CF062F86C461426B9
:104FD0002F4620680BF092FD41460BF08BFF08B185
:104FE000D4E90175013E04F10C04F2D13946742074
:104FF000FEF760FC294675203CB0BDE8F041FEF7A5
:1050000059BC00BFD82C010830B49DF80850046882
:1050100002956468A44630BC60470000F0B5037E8A
:10502000044685B0002B54D0A820FEF723FC354B56
:10503000002850D10321344A20731170E1221A70E4
:105040001B78324D8DF808300C238DF809308F23F2
:105050008DF80A302B7800268DF80B30F02360682D
:105060008DF80C300368009602AA4FF4E9715F686E
:105070000523B8472B783B201033DBB2ED2B08BF5C
:105080000D232B70FEF7F6FB214BC0B21A7882423B
:1050900017D04FF40952ADF808204FF0FF328DF8C9
:1050A0000A60039248BB30228DF80B201870002351
:1050B0000093082340F2925160680DEB0302FFF762
:1050C000A3FF236893201D6AFEF7DCFB0146204600
:1050D000A84705B0F0BD421C06D10122022122736F
:1050E000094A1170D222AAE70128A9D10322082176
:1050F0002273054A11707822A1E70828D6D13122FF
:10510000D2E700BF0A1E0020091E00201C2F00202D
:10511000162F00200B7803F0010343720B78C3F3C2
:10512000800303720B78C3F3001383728B78C3F38D
:10513000C00343767047000008B54B7808781B021F
:1051400003F4706318440BF00BF909A3D3E90023AF
:105150000BF070F90BF0C8FB07490BF023FDBDE81D
:1051600008400146A120FEF7B3BB00BFAFF30080AB
:105170009A9999999999B93F2B121F3F0B78842BD3
:1051800003D10121E320FEF795BB812B01D1002142
:10519000F8E770474B78323B18BF0123037670471E
:1051A0000B46B3F53F7F11460FD006DCB3F5987F71
:1051B00007D0B3F5D07F06D07047B3F5906F06D017
:1051C0007047FFF7A7BFFFF7B7BFFFF7D7BFFFF7DE
:1051D000E1BF00002DE9F04F036885B05B6B054629
:1051E0000E469847664C002800F0C480A020FEF7C9
:1051F00041FB40F2ED23984240F3B980A020FEF736
:1052000039FB800080B207229421237843F05003B9
:105210008DF80A200A44AA3202EB10228DF80930D8
:10522000ADF80C001344C0B20344002703EB232362
:105230008DF80830082300970DEB030268688DF89D
:105240000E10AA218DF80F708DF80B70FFF7DCFEA1
:10525000BE420CBF04226422DFF828A14FF00F0BDE
:105260009AF80010DFF8209101F5FC73134403EB6A
:1052700013238DF808304EF22103ADF80A3041F6C1
:105280002173ADF80C300823009768688DF8091079
:105290008DF80F20A8210DEB0302DFF8F0808DF8C8
:1052A0000EB0FFF7B1FE99F80030A9218DF8083053
:1052B00098F8003000978DF809304DF67973ADF805
:1052C0000A30334B6868039308230DEB0302FFF7A2
:1052D0009BFE304E304B3278197800978B188DF842
:1052E0000810FF2103F5E47303EB132368688DF8BE
:1052F00009108DF80D30BA2107238DF80E2002AA6F
:10530000ADF80AB08DF80C70FFF77EFE23782349C4
:10531000013323700B78224A01330B709AF8003066
:10532000307801338AF8003099F8003001300133C9
:1053300089F8003098F800303070013388F8003078
:1053400013780133DBB25C2B13700DD1BE230B70CD
:10535000E92389F800304D231370802327708AF8E1
:10536000007088F80070337005B0BDE8F08F40F62B
:10537000B83048E72378FE22842143F0300347E722
:10538000172F0020192F0020071E0020182F0020A3
:105390001DC7E021051E0020091E0020081E002058
:1053A000061E0020037E10B5044643B1B320FEF76D
:1053B00077FA01462046BDE81040FFF70BBF10BD4D
:1053C0007FB506468420FEF755FA012815BF002355
:1053D0009C231A469E224FF0900014BF1D46602564
:1053E0008DF80C308DF80D20FEF74CFA014623485D
:1053F0000BF0CEFA224904460BF090FD002838D17C
:1054000020460BF0ABFD642358434FF4FA7390FB36
:10541000F3F032300BF072FB1A490BF0BBFA3C236D
:10542000194C8DF808300BF0BFFD23784FF4E8716C
:105430001D43C3238DF80B3048F2CD238DF80A505D
:105440000025ADF80E30082300950DEB03028DF812
:1054500009007068FFF7D8FD0C4A217813788B4259
:1054600009D10133DBB20F2B14BF2370257004B0B8
:1054700070BD0748D3E71170F9E700BF0000C842CC
:1054800000400344000040421B2F00201A2F002040
:1054900000001643F0B5037E044685B0ABB148F278
:1054A0006123C67A02936EB90325606840F23231F7
:1054B000036800965F6802AA0223B847013DF4D151
:1054C0000123E3722046FFF77BFF05B0F0BD406982
:1054D000704708B5B0F908000BF010FB08BD08B51F
:1054E000B0F90C000BF00AFB08BD0023821E30B59A
:1054F0000A44441E14F8015F2B449442DBB2F9D1F4
:10550000084410F8010CC31A5842584130BD00003D
:10551000014B1878704700BFAE2F0020000000003C
:1055200038B51D48FFF77AF805461C48FFF776F8AE
:10553000044628460AF014FF13A3D3E900230AF017
:1055400079FF13A3D3E900230AF0BEFD0BF0CCF9D9
:10555000054620460AF004FF0BA3D3E900230AF016
:1055600069FF0BA3D3E900230AF0AEFD0BF0BCF9F1
:105570000446014628460BF0D1FC08B1284638BD48
:105580002046FCE7AFF300801213371BE91495BFE8
:10559000988F7B2556484C40D42C0020D02C0020DE
:1055A00038B505460C461F48062109F057FC062170
:1055B0001D4A1C4809F0D7FC2A460621194809F063
:1055C000DBFCA2B20621174809F0E6FC06211548CB
:1055D00009F09CFC0621134809F082FC00220621F8
:1055E000104809F071FC002206210E4809F060FC09
:1055F000002206210B4809F04FFC0621094809F05A
:1056000097FC10200AF0C0FB402110200AF0C8FBD4
:105610000448062109F095FCBDE8384003480AF02B
:1056200028BB00BF0000024004440040004400408A
:1056300038B505460C461F48072109F00FFC072125
:105640001D4A1C4809F08FFC2A460721194809F019
:1056500093FCA2B20721174809F09EFC07211548C8
:1056600009F05DFC0721134809F03AFC00220721EC
:10567000104809F029FC002207210E4809F018FC07
:105680004FF4805207210B4809F006FC0721094816
:1056900009F04EFC11200AF077FB402111200AF09E
:1056A0007FFB0448072109F04CFCBDE83840034863
:1056B0000AF0E4BA00000240044400400044004004
:1056C00008B502220621094809F0DDFB68B1022273
:1056D0000621064809F0D2FB0122054B1A70054A43
:1056E000054B116818681960106008BD0000024081
:1056F000D8300020AC230020A823002008B50222C7
:105700000721064809F0BFFB38B1022207210348F0
:1057100009F0B4FB0122024B1A7008BD00000240E0
:10572000D930002038B504463420FEF7A3F800B283
:105730000228E0811FD1344D344B2878002832D123
:1057400041F65832B4F90C10914201DD01221A7071
:1057500019782F4A884248D0012313702D4B93F9B2
:1057600000002D4B10B918780130187018780428F3
:1057700022D108B2E081012808D12848FCF7B8F806
:105780002748FCF7B5F82748FCF7B2F8B4F90E3013
:10579000C3B92248FCF7ACF82148FCF7A5F821482A
:1057A000FCF7A2F80EE00128D2D1B4F90C20B2F532
:1057B000FA6FCDDA0022CAE7052803D1297000214B
:1057C00019701170B4F90E30032B0DD1A820FEF71B
:1057D00051F8013011480DD1FCF78AF81048FCF758
:1057E00083F81048FCF780F838BD002300B2E08150
:1057F0001370C0E7FCF77CF80948FCF779F8094812
:10580000FCF776F8F0E700BFAB2F0020AA2F0020AE
:10581000AD2F0020AC2F0020A92F0020342C002019
:10582000442C00203C2C00202DE9F74F0646122086
:105830008846FEF71FF88E4BC4B21B78012B40F050
:10584000B4803046FFF76EFF40468A490BF0AAF954
:1058500089490BF05BFA0BF081FB884D884F95F975
:1058600000A0388050460BF049F941460BF09AF9F8
:105870000AF088FD7CA3D3E900230AF0DBFD0BF0DE
:1058800033F8804981460BF08DF97B490BF03EFAE5
:105890000BF064FBDFF8F0B1DFF8F0819BF800203B
:1058A0003062A8F80000002A00F0D880BAF1000F9A
:1058B0002EDD2420FDF7E6FF019095F900000BF0A6
:1058C0001DF97349824601980BF06CF90146504668
:1058D0000BF05EF80BF042FB40B200283DDB632882
:1058E000287015DC9BF8003093B92420FDF7CAFF1F
:1058F000824695F900000BF001F951460BF04AF889
:105900000BF02CFB40B26428CABF642328702B70B4
:10591000B6F90E3023BB002148460BF0E1FAF8B18E
:10592000B8F900000AF01CFD00225A4B0AF082FD73
:105930000AF092FFA8F80000B7F900000AF010FD85
:105940000022544B0AF076FD0AF086FF3880032CC3
:1059500014D8DFE804F00B100E1B00222A70C1E7F8
:10596000032C0BD8DFE804F00207050D336A002B87
:1059700004DA434B00E0454B00221A8003B0BDE837
:10598000F08F484644490BF0C9FA10B900233B8018
:10599000F4E748460BF0E2FA41F217133238584365
:1059A000322390FBF3F03880E8E7022B1ED1354913
:1059B00040460BF0F7F830490BF0A8F90BF0CEFA9F
:1059C000324A03B2138013EB83032D4948BF0333DC
:1059D0009B1030620B800CB9A042C9E7012C02D1A8
:1059E00000231380CAE7022CC8D1C2E7032BC5D11C
:1059F000244940460BF0D6F81F490BF087F90BF00D
:105A0000ADFA224A03B2138013EB83031C4D48BF47
:105A100003339B1030622B80032CAFD801A353F8C3
:105A200024F000BF355A0008775900087359000860
:105A3000395A000800289BE7404617490BF06EFAD8
:105A400008B928809AE740460BF088FA41F217130C
:105A500032385843322390FBF3F0F2E7BAF1630F88
:105A60003FF756AF41E700BF7B14AE47E17A843F72
:105A7000B92F002000B888450000C842AC2F002094
:105A8000B22F002000C05A45AD2F0020B02F0020BB
:105A90000000A0400000E03F0000484210B5842014
:105AA000FDF7E8FE08B903F0FDFA8420FDF7E2FEF9
:105AB000012841D12148FBF701FF0146BA20FDF73B
:105AC000F9FE1F48FBF7FAFE0146BB20FDF7F2FE88
:105AD0001C48FBF7F3FE0146BC20FDF7EBFE19481E
:105AE000FBF7ECFE04461648FBF7E8FE84F00103E2
:105AF00080F001046400114844EA8304FBF7DEFEF1
:105B000080F0010044EA00035BB20F4C062B2370C7
:105B100003D10021BF20FDF7CDFE2378052B03D153
:105B20000121BF20FDF7C6FE3520FDF7A3FEBDE82D
:105B3000104080B203F0B6BA10BD00BF2C2C00207C
:105B4000242C00201C2C0020B42F0020034B1B7899
:105B5000012B01D1FFF7A2BF704700BFB92F002072
:105B600000220B4870B5134605468C1E944209DC92
:105B7000294411F8012C285D40EA0220C31A58423A
:105B8000584170BD10F8016B013233449BB2EDE710
:105B90001D2F0020002070B5084C034622468D1EA4
:105BA000854205DC53550A441B0A02F8013C70BDCE
:105BB00014F8016B01303344F2E700BF3D230020AD
:105BC0002DE9F843DFF87482DFF8749298F800103A
:105BD00005469C4FEA20FDF76DFE9B4EEB2099F8A1
:105BE0000010FDF767FE994CEC203988FDF762FE46
:105BF000ED203188FDF75EFEEE202178FDF75AFE9C
:105C000023780E2B54D8DFE813F00F001C004C0053
:105C10005A009700DE00E4000D013F019301EC0102
:105C2000FC0120022B0279020023642188F8003055
:105C30003B80874B1868FFF7B3FC8648FBF758FE9C
:105C400077E08448FBF750FE4FF080431A69D7078E
:105C5000FCD51A69804D22F001021A612B787BB9BC
:105C600099F8003023B97D4BD3F88030DE0760D43B
:105C70000023502189F800307948FFF7D9FC58E01B
:105C800000235021774889F80030FFF7D1FC764B8C
:105C90001B685B7813B901232B704AE02B78013B1A
:105CA000FAE7724A13780133DBB2022B02D8137081
:105CB000BDE8F8830023137003232370F8E798F8F6
:105CC000003003F0FF01002B00F027810023642146
:105CD000284688F80030FFF743FF634B1F6838B948
:105CE00064213846FFF701FC0146002800F00681D8
:105CF0000023012233805E4B1A70B7F854301341F1
:105D00002B8197F92A000AF0F9FE686197F956008D
:105D10000AF0F4FEA861FB88564A6B81B7F81F3081
:105D2000AB817B1E633713F8011FBB4202F8011BD6
:105D3000F9D123780133C0E74F4B494E1A78B3F9B4
:105D40000010930086F84B3052428B11494286F87E
:105D50004C30D3B20A12B2713273484A0027B2F9FA
:105D6000002001F47F41100AB27686F820207822C4
:105D700086F83F20EC2286F840206C2286F84120ED
:105D80006B221943F07686F82100E7207371F372D5
:105D900086F842203770FDF78DFDE920B6F84B10EC
:105DA000FDF788FDE820718BFDF784FD5021284622
:105DB000FFF7F0FE324A1388642B8CBF3B46013359
:105DC0001380002379E70023782188F800303B8096
:105DD0002FE72048FBF788FD4FF080431A69D5076D
:105DE000FCD51A691C4D22F001021A612B78052B93
:105DF0000CD999F8003023B9184BD3F88030D80764
:105E000097D40023642189F8003035E7002264210B
:105E10001C4889F8002001FB0300FFF709FC2B78E0
:105E2000013339E7114A13780133DBB2022B7FF6D5
:105E30003EAF0023137008233FE700BFD830002097
:105E4000D9300020D6300020D4300020B82F0020D8
:105E5000AC230020142C0020A623002000000240C8
:105E60003D230020692E0108A8230020BA2F00201E
:105E7000AE2F00201D2F0020B22F0020B02F0020B9
:105E8000B62F00208120002098F8003003F0FF0199
:105E9000002B42D000237821284688F80030FFF7F5
:105EA0005FFEAD4B1F6828B978213846FFF71DFB10
:105EB000014618B3002301223380A84B1A70B7F8AB
:105EC0006430053B03EBD37313412B8197F9140026
:105ED0000AF014FE6861B7F856000AF00FFEA861D8
:105EE000FB889F4A6B81FB8CAB817B1E773713F855
:105EF000011F9F4202F8011BF9D11AE733880133D1
:105F00009BB20A2B33807FF614AF944BAF2069818C
:105F1000A9811970FDF7CEFC0BE73B8801339BB2DA
:105F2000142B3B807FF6C4AE338801333380ECE71B
:105F30008C4EA220B6F90010FDF7BCFC8A4B286AF3
:105F4000B3F90020894B11125A71DA72B6F90020A8
:105F50009971197300284FEA12219A77D97736DDA3
:105F60009A7602EBD27252101A77120AD9765A77C1
:105F7000752183F84A10122183F84B1060214022CA
:105F800083F84C10252183F84820042283F84D1013
:105F9000522183F8492083F84F20892283F84E103C
:105FA000734983F8562083F858200A78284601322E
:105FB0000A70D10748BF93F85E204FF0640144BFD8
:105FC000013283F85E20FFF7E5FD052375E6CFD0AB
:105FD0001A7702EBD27252109A76120A5977DA7651
:105FE000C6E78420FDF746FC01281CBF0022614B58
:105FF0004FF08C0118BF1A70002388F800303B80E6
:1060000017E65D48FBF770FC4FF080431A69D20732
:10601000FCD51A69574D22F001021A612B78062B24
:106020000DD999F800302BB9544BD3F88030DB07E9
:106030003FF57FAE0023692189F800301CE600227D
:1060400069214F4889F80020E5E64E4A137801336C
:10605000DBB2022B7FF62BAE002313700D232CE650
:1060600098F8003003F0FF02002B3AD000238C2177
:10607000284688F80030FFF773FD374B1F6820B9BA
:106080008C213846FFF731FA08B300230122338010
:10609000324B1A70B7F8753013412B8197F9140001
:1060A0000AF02CFD6861B7F819000AF027FDA86115
:1060B0007B892B4A6B81B7F82B30AB817B1E8B37EA
:1060C00013F8011FBB4202F8011BF9D107E0338826
:1060D00001339BB20A2B338001D9204B18700E2359
:1060E000EBE53B8801339BB2142B3B807FF6E0ADA0
:1060F000338801333380194B1A70F0E7194EA22010
:10610000B6F90010FDF7D6FB174B2846B3F900206F
:10611000164B524211125A71DA72B6F90020997177
:10612000DA77121283F820209A7E197383F82520DB
:10613000DA7E692183F82620782283F84F20EC222A
:1061400083F85020102283F85120272283F8522010
:10615000FFF720FD0A23B0E5A8230020AE2F002082
:106160001D2F0020B02F0020B22F00203D23002043
:10617000B52F0020A6230020142C00200000024090
:106180000B1E0020BA2F002038B5037F04468B4237
:106190000D460AD051B16120FDF76CFB08B9FDF73F
:1061A000F5F8FDF729F90123237738BD4FF080403A
:1061B00009F0A6FB2577F8E708B50121FFF7E4FF12
:1061C000064B1A78042A04D805221A700022044BC0
:1061D0001A700222034B1A7008BD00BFB82F0020AE
:1061E000A6230020B92F002008B50121FFF7CCFF1E
:1061F000064B1A78042A04D900221A700122044B93
:106200001A700122034B1A7008BD00BFB82F00207E
:10621000A6230020B92F0020012108B5FFF7B4FF05
:106220000A4B0B491A78092A9CBF0A221A700022CD
:10623000084B1A706923084A11F8010B013B02F858
:10624000010BF9D10322054B1A7008BDB82F0020AD
:10625000002E0108A62300203D230020B92F002096
:106260000021FFF791BF01817047000008B5084683
:106270000AF074FEA622A0F10F035343412293FBC0
:10628000F2F3024A5833138008BD00BFDA30002011
:10629000B220FDF705BB000038B5C37A04464BB900
:1062A000064DA988286808F0F6FFAB79002818BFCA
:1062B00083F0010323730023E37238BDD42B002045
:1062C00010B5044600226160084640F2531100F008
:1062D00044FF60680022BDE8104040F2F31100F076
:1062E0003CBF40F25313994210B5044610D1B2F8A6
:1062F0000100A0F5B0700AF001FC4FF076510AF0F1
:1063000051FC0146A120FDF7E3FA0123E37203E00B
:1063100040F2F3139942F8D010BD000010B5064CBE
:10632000A188206808F0B7FFA37900280CBF1846A1
:1063300083F0010010BD00BFD42B00201FB540F238
:10634000EE22038940F21631934238BF13460522EC
:10635000ADF8082041F65832934228BF13460A226E
:106360009B01B3FBF2F3ADF80A30002300930393D3
:10637000082340680DEB0302FEF746FE05B000BDA2
:106380001FB5164A0024137815498DF80830154BAF
:1063900003941B888DF80930C523ADF80A300B78BB
:1063A0000133DBB2152B0FD80B707BB9112313709F
:1063B00000230093082340F2293140680DEB0302CB
:1063C000FEF722FE04B010BD0C70EFE7082B01D1E0
:1063D0008623ECE70F2BEBD1D923E8E7DE30002052
:1063E000DF300020DA3000201FB54623ADF80C3036
:1063F000002340688DF80E30026800935468032330
:1064000040F23B4103AAA04704B010BD1FB50D4A9E
:1064100040F245511388013313808DF809301B0A6F
:106420008DF80A30084B00220393082300928DF860
:1064300008208DF80B2040680DEB0302FEF7E4FD09
:1064400005B000BDDC3000207E1000181FB5E1B1A2
:1064500001291CD001310CBF072308238DF8093016
:106460004FF6FF73ADF80A300A4B812203930023E5
:10647000009308238DF8082040F23F4140680DEB5F
:106480000302FEF7C1FD05B000BD0623E6E70523C4
:10649000E4E700BF0080FFFF037B10B50446BBB1FB
:1064A000FFF74CFF2046FFF76BFF2046FFF7AEFFDC
:1064B0002046FFF799FF0320FDF7F2F940B1A8202D
:1064C000FDF7D8F941B22046BDE81040FFF7BEBF46
:1064D00010BD018170477047B220FDF7E1B900009F
:1064E00010B5064CA188206808F0D5FEA3790028D5
:1064F0000CBF184683F0010010BD00BFD42B002054
:1065000030B5204A204B8BB0CDE9032300221F4930
:106510001F4B204CCDE905131F4B204D07932378CB
:10652000ADF8212063F07F038DF820302B682833ED
:106530006B4413F81C1C8DF8231013F8181C8DF8ED
:10654000241013F8141C8DF8251013F8101C13F8E0
:106550000C3C00928DF826108DF827304FF4B06176
:106560000823406808AAFEF74FFD2B68013303F0AB
:1065700003032B602378013303F00F0323700BB068
:1065800030BD00BF0F287F281E1000107056F05637
:106590000C48A748E030002046902890E4300020C6
:1065A00040F2EE22038930B5934238BF134641F6DC
:1065B0005832934228BF1346002485B09A000381C5
:1065C0009B09CDE902448DF80B3008230094054661
:1065D0008DF80C204FF420710DEB03024068FEF79C
:1065E00013FD082300944FF4227168680DEB030239
:1065F0008DF80B408DF80C40FEF706FD05B030BD60
:1066000008B5034BB3F900000AF078FA08BD00BFE3
:10661000FC30002008B5034BB3F900000AF06EFA15
:1066200008BD00BFFE30002008B5024B18880AF0F4
:1066300061FA08BD0231002008B5034BB3F9000030
:106640000AF05CFA08BD00BF00310020064B1A7842
:10665000064B0AB91A7001E0012AFBD0044A1268FD
:1066600002B91A7018787047F8300020F93000200D
:10667000F430002010B504460022616008464FF453
:10668000C87100F06AFD60680022BDE8104040F269
:10669000815100F062BD0000F0B5064685B00846A5
:1066A0002F490AF07FFA0AF059FC2E4B01B2A220C2
:1066B0001980FDF7FFF88420FDF7DCF80446A820D8
:1066C000FDF7D8F8012C43D101283FD0431C5C4290
:1066D0005C412401B320FDF7E3F8234A04EB800476
:1066E000138813B1013B13800234A320FDF7C2F8D5
:1066F000C0F30B05A420FDF7BDF80746DA20FDF72F
:10670000B9F81A4A00F0030302EA073245EA0465C1
:1067100015439B0343F4C80345EA80750393029530
:1067200008F07AFB022102A808F084FB0022039BF8
:106730003F2143EA006370680393036800925C683A
:1067400008230DEB0302A04705B0F0BD0824C1E704
:10675000002CF9D14FF49672034B1A80F4E700BF76
:1067600000002041FA300020F030002000F0FF004F
:106770000E4A13788BB103780D49802B0ED101207E
:106780000C4B18700B780344DBB20B700021042B08
:10679000117082BF0522084B1A707047602B01D020
:1067A0000023F2E70120054B1870F9E7EF300020D5
:1067B000EA300020EE300020EC300020ED300020E8
:1067C000B1F5C87F16D111780E4B19700A21B2F8B5
:1067D0000130B3FBF1F30C490B80B2F803100B4B03
:1067E000198053790A491E3B0B809379094A1E3B55
:1067F0001380704740F28153994202D11046FFF74F
:10680000B7BF7047F830002002310020003100206F
:10681000FE300020FC3000202DE9FF418D4C064663
:106820002378052B25D8DFE813F0060027004A005F
:10683000E400EF000E01884F884D3B78B3B92B7808
:106840002BB100232B7023780133237011E0844A8D
:106850004068CDE90223026800930823566840F29D
:1068600001610DEB0302B04701233B702B78002B35
:10687000E7D104B0BDE8F081774F784D3B78D3B9CC
:106880002B784BB1002322782B7001322270754A8D
:106890001370754A1370ECE7744A4068CDE902231F
:1068A000026800930823566840F201610DEB030271
:1068B000B04701233B702B78002BDAD0E2E76C4F16
:1068C000684D3B88042B00F28D80297800295BD12C
:1068D000654A1078002834D0012311702B705E4C6B
:1068E0002278002AC5D10B20624B39880293624B73
:1068F00000FB0133197970688DF80C1059798DF807
:106900000D109979DB798DF80E108DF80F30036832
:106910000092D3F80480082340F201610DEB0302DA
:10692000C047012323702B78022BA2D14E4B1A783B
:10693000002A34D000221A703B882A7001333B8031
:1069400097E7454C2178002993D14C4A4A48029256
:106950000B225343C218C35C70688DF80C30537817
:106960008DF80D3093788DF80E30D3788DF80F3088
:1069700003680091D3F80480082340F201610DEB15
:106980000302C047012323702B78012BCBD1364B58
:106990001A78002AA3D002222A7000221A702E4CE4
:1069A0002278002A7FF465AF0B20354B398802939B
:1069B000314B8DF80E2000FB0133197A70688DF889
:1069C0000C10597A9B7A8DF80D108DF80F300368F2
:1069D00000925D68082340F201610DEB0302A847B5
:1069E000012332E700231C4A2B7013703B800323E2
:1069F0002BE70023184A13701A4A13701C4A13809D
:106A0000194A1370042320E7134FDFF85C803B78AA
:106A100098F8005093B9A5B91A4B4068CDE90235F2
:106A2000036800955C68082340F201610DEB0302E6
:106A3000A047012388F800503B701AE7002D3FF46F
:106A400018AF052301E70021132004B0BDE8F04191
:106A5000FCF730BFEC300020EF300020EE3000209B
:106A600023003100EB300020ED3000202380310086
:106A7000E830002023003001982F01082300300067
:106A8000230030022302500010B504468420FCF796
:106A9000F1FE0D4B186058B90C4B18800C4B188048
:106AA0000C4B18800C4B18800C4B18700C4B18803A
:106AB0001320FCF7DFFE012804D12046BDE810407A
:106AC000FFF7AABE10BD00BFF43000200231002045
:106AD00000310020FE300020FC300020F830002083
:106AE000FA300020014808F0A1BE00BF0038004085
:106AF00010B504460A48FAF7FBFE0321094808F0DE
:106B00009AFE2146074808F096FE0021054808F045
:106B100092FE04460248FAF7E7FEE0B210BD00BF5D
:106B2000FC2B00200038004070B506460A48551876
:106B30001446FAF7DDFE3146084808F07CFEA5420F
:106B400003D10548FAF7D0FE70BD0021034808F0D4
:106B500072FE04F8010BF2E7FC2B00200038004025
:106B600038B505460C460948FAF7C2FE0221084826
:106B700008F061FE2946064808F05DFE21460448FB
:106B800008F059FE0148FAF7AFFE38BDFC2B002093
:106B90000038004010B580210F20FFF7E1FF0B24E3
:106BA0000E20FFF7A5FF00F0E000802803D0802131
:106BB0000F20FFF7D5FF013C14F0FF04F0D110BD0A
:106BC00010B500210F20FFF7CBFF0B240E20FFF79D
:106BD0008FFF1F2803D900210F20FFF7C1FF013CC1
:106BE00014F0FF04F2D110BDF8B507460D48154664
:106BF000CC1BFAF77DFE02210B4808F01CFE39463B
:106C0000094808F018FEE4B26E1E254416F8011F6C
:106C1000054808F010FEAE42F8D10248FAF764FECB
:106C2000F8BD00BFFC2B002000380040F8B5074637
:106C300011480D4616461C46FAF75AFE39460F48CB
:106C400008F0F9FD2F1D15F8011B0C4808F0F3FDA5
:106C5000AF42F8D13146094808F0EDFD04F10805CE
:106C600014F8011B054808F0E6FDA542F8D10248DA
:106C7000FAF73AFEF8BD00BFFC2B002000380040B8
:106C800010B504460548FAF733FE2146044808F0DB
:106C9000D2FD0248FAF728FE10BD00BFFC2B0020F1
:106CA0000038004010B50848FAF722FEA021074836
:106CB00008F0C1FD0021054808F0BDFD044602486A
:106CC000FAF712FEE0B210BDFC2B002000380040A5
:106CD00010B50848FAF70CFEB021074808F0ABFDE4
:106CE0000021054808F0A7FD04460248FAF7FCFD1C
:106CF000E0B210BDFC2B00200038004070B5064605
:106D00000D4614460B48FAF7F3FD05210A4808F032
:106D100092FD3146084808F08EFD2946064808F0E5
:106D20008AFD2146044808F086FD0248FAF7DCFD9A
:106D300070BD00BFFC2B0020003800400022432122
:106D40002C2008B5FFF7DAFFBDE8084043222B20CE
:106D50001146FFF7D3BF002243212C20FFF7CEBFFF
:106D600010B54FF0FF33002488B048F28802CDE917
:106D700006434CF2CC03CDE90244CDE90023CDE932
:106D80000444FFF7AFFEFFF705FF2321202006AAEA
:106D9000FFF72AFF2721242007AAFFF725FF6A46CD
:106DA00003212046FFF720FF0721042001AAFFF757
:106DB0001BFF0B21082002AAFFF716FF132110204A
:106DC00003AAFFF711FF1721142004AAFFF70CFFF5
:106DD0001B21182005AAFFF707FF3C20FCF74AFDFE
:106DE00001280BD140212A20FFF7BAFEE5212920F6
:106DF000FFF7B6FE83212820FFF7B2FE3C20FCF708
:106E000039FD02280BD103212A20FFF7A9FEFA2120
:106E10002920FFF7A5FE87212820FFF7A1FE3C20AF
:106E2000FCF728FD58B94E212A20FFF799FEE521ED
:106E30002920FFF795FE83212820FFF791FEFFF719
:106E4000BFFE08B010BD10B55C0904EBC20403F02E
:106E5000030303EB840300EB032001EB002010BDD0
:106E600030B585B00446FFF733FF3F28054628D9E3
:106E700043066A464CBF902094200D2105F018056A
:106E8000FFF752FE102D9DF800209DF8013012D121
:106E900002219DF8020021709DF80310FFF7D3FF37
:106EA00060600120019A9DF80C30A260029A237460
:106EB000E26005B030BD01215B09217003EBC20027
:106EC000EEE70020F5E702290ED1030A9370030CC8
:106ED000DB0023F01F01D070C0F3014008430830ED
:106EE0001B0A507013707047002340019370D370D9
:106EF000030AF6E738B500251F4B04461D705D7088
:106F00009D70DD70FFF7CEFE1C4B9A78187082B929
:106F1000194A21786068FFF7D6FF4020227A164987
:106F200004F10903FFF782FE8120FFF7A9FE01208B
:106F300038BD1A796AB9104A21786068FFF7C3FF33
:106F40004220227A0C4904F10903FFF76FFE8220E8
:106F5000EBE79B796BB9084A21786068FFF7B3FFCC
:106F60004420227A044904F10903FFF75FFE8420DC
:106F7000DBE72846DCE700BF0431002008310020B1
:106F800008B5B0F9140009F0B9FD08BD08B5B0F9AD
:106F9000120009F0B3FD08BD08B5008B09F0AAFD89
:106FA00008BD08B5B0F9100009F0A8FD08BD807D46
:106FB000704740F2992399420FD040F233739942BF
:106FC00013D040F28923994218D15388A3F59C43EA
:106FD000203B0382536803837047537812799342AE
:106FE00038BF1346283B438270471268C2F30743F9
:106FF000D2B2934238BF1346283B838270470000C9
:107000007FB530230024054640680293036800944E
:107010005E68082340F271310DEB0302B0476868E7
:107020000F4A104B40F28521CDE9022303680094FA
:107030005E6808230DEB0302B0474FF074514FF424
:1070400004136868CDE90213036800945C680823A0
:1070500040F286210DEB0302A04704B070BD00BFD3
:10706000000010398FFE0C1010B50446002261603C
:10707000084640F2892100F070F8002240F2992180
:10708000606800F06AF860680022BDE8104040F2D5
:10709000337100F062B8000010B504460846094993
:1070A00009F080FD084909F031FE084909F072FC39
:1070B00009F07AFFE0610146BDE81040A220FCF72C
:1070C000F9BB00BF0000FA440000C84200401C4663
:1070D0001FB5037A0133DBB2052B02D0037204B073
:1070E00010BD0023C269037240681204CDE9022377
:1070F000026800930823546840F287210DEB0302D5
:10710000A047ECE7014B0360704700BFD82F010890
:1071100070477047074B03600023C0F8F430C0F895
:10712000FC30054BC0E94033C0E94233C0F81031B0
:10713000704700BF10300108B0230020D0F8FC30A9
:10714000042BDFBF03F14002013340F82210C0F8E6
:10715000FC30D4BF012000207047D0F8F43070B567
:107160001D2B15DC05460024A3420BDC00EB830439
:107170006160E2670133C0F8F43003689B689847A8
:10718000012070BD55F8046F8E4201D00134EBE749
:107190000020F6E770B50546002455F8FC3BC0F822
:1071A000F4409B6806469847D6F8FC30A34200DCC2
:1071B00070BD55F8040F013403685B689847F3E726
:1071C0002DE9F04705460F4690469946002400F108
:1071D000FC06D5F8FC00A04201DCBDE8F08756F8BB
:1071E000040F424603683946D3F800A04B46D04707
:1071F0000134EEE7F8B5064600F1300700F134043B
:1072000014F8023C322B10D034F8043CE51BC3F3D5
:10721000C02123F400630022706803EB4171FFF783
:107220009CFF242D04F10404EADDF8BDF0B591B112
:1072300002F10C04092A00EB84040AD8A578322D47
:1072400007D00C27002107FB050558356E7AFF2E65
:1072500003D1002007E0941CECE70BBB21B14E7278
:10726000FF2301206B72F0BD322E15D1C2F10A024C
:10727000A61E8A4204D04B1C16F8230032280DD1DA
:107280000139C9B204EB81039A78A27034F8212045
:10729000228032229A70E3E7A670E1E71946E8E718
:1072A00007FB0606013B2946DBB206F15805CDE790
:1072B0002DE9F0414FF0020C88464FF00C0E0021F2
:1072C00000F108073D4600220CE000230EFB0404F9
:1072D0005834667AFF2E0FD10435EB1B0132242B74
:1072E000D2B202DCAC78322CEFD101218C4500F116
:1072F00030070FD08C46E5E7A488444505D00EFB47
:107300000606013306F15804E3E7DBB2BDE8F041BD
:10731000FFF78CBF0020BDE8F0812DE9F04100248B
:107320004FF00C0EDDF824C000F108078CF8004087
:107330003D4609E00EFB04045834667AFF2E11D155
:107340000435EC1B242C02DCAC78322CF2D1012564
:107350009CF8004000F130078CF80050002CE7D07A
:10736000002019E0B4F80480884517D12988C1F3BA
:10737000C02021F4006141EA407101201160E279EE
:107380001A7094F90820069B1A702268079B1A60ED
:1073900094F90620089B1A70BDE8F0810EFB0606E2
:1073A00006F15804C9E730B5044691B102F10C0169
:1073B000092A04EB81010AD88A78322A07D00C25E1
:1073C00005FB024202F15800427AFF2A03D1002055
:1073D0000BE0911CECE74BB90B88C3F3C02223F4FC
:1073E000006343EA4273039A136030BD013BDBB292
:1073F000E6E72DE9F04F06464FF002094FF000088E
:107400004FF00C0A87B0059100F108073D1D15F8F3
:10741000024CAB46322C1AD126E035F8040C94F914
:107420000830E27920F4006CC0F3C0212079CDF857
:10743000088094F906E04CEA4171CDF804E0D4F8F4
:1074400000E0DDF814C0CDF800E0E047647A0AFB04
:10745000046494F861305834FF2BDED1ABEB0703A2
:10746000242B05F10405D2DD4FF00108C14506F1DA
:10747000300701D0C146C9E707B0BDE8F08F000072
:107480002DE9F04F4FF00C08002506460F464FF04F
:10749000FF3A8C7887B008FB0404CDE90455DFF887
:1074A000FC905834637AFF2B0ED100217068EB1DDD
:1074B0000268009154683988C3F3C70304AAA0473F
:1074C000012007B0BDE8F08F99F80030002B62D1A1
:1074D0002079FCF7D7F9216809F064FB039094F94F
:1074E000060009F00BFB039909F054FA09F036FD88
:1074F00094F908B0E2798BEAEB73A3EBEB73DBB2A0
:107500000AFA03F3BBF1000F20EA030025DA1F2A71
:1075100000BA0ED8049BC2F11F0120FA01F10B43FF
:107520000493954238BF1546647A08FB04645834C6
:10753000B8E7059BC2F13F019344BBF11E0F20FA4F
:1075400001F141EA0301DEBFA2F11F039840049B51
:107550000591DCBF03430493E3E71F2A0BEB020111
:1075600006D9059B203A00FA02F21343059307E07F
:10757000049B00FA02FC4CEA03032029049304DC78
:10758000A942B8BF2946CDB2CEE7059BC2F1200281
:10759000D0400343EAE7002093E700BF103100200A
:1075A00070B500F1080506462C46A378322B08D0AA
:1075B00021463046FFF764FF18B10434631B242BC7
:1075C000F3DD70BD322201F128038A700431994243
:1075D000FBD1FF2200F5197380F861200C3098422E
:1075E000FAD1704710B5044600F10801FFF7EAFF31
:1075F000204604F13001FFF7E5FF6068BDE8104068
:10760000FFF7C8BD2DE9F041002488461F462646F5
:10761000151FBC4202DB3046BDE8F08155F8040F6F
:1076200007F002FC2968064608EB840007F0E2FD3B
:107630000134EEE708468378322B08D003885340A4
:1076400033F4006304D00430431A242BF3DD00200C
:10765000704700002DE9F843414B06461B7815465C
:1076600073B90A4600F13001FFF7E4FF40B10C2383
:107670000127847803FB04645834637AFF2B01D11B
:10768000BDE8F88394F908C0E3798CEAEC71A1EBCA
:10769000EC71BCF1000FC9B243DA1F2B2DD82A6858
:1076A00012BAC3F11F03DBB207FA01F0DA40013866
:1076B000104009F01FFA814694F9060009F01EFAFD
:1076C000494609F067F9216809F06CFA814620798A
:1076D000FCF768F9002838D14FF08441484609F09A
:1076E00061FA09F03BFC01462079FCF7A5F80C2370
:1076F000647A03FB04645834BFE79C44BCF11F0F59
:107700006A6801DD203BCBE7013328685B1ADBB2F6
:10771000D840C3F1200302FA03F340EA03024B1EF0
:10772000BEE71F2B02D96A68203BBCE79C44BCF132
:10773000200F2A68B8DD6868C3F1200CDA4000FA2F
:107740000CFC00234CEA0202AEE72079FCF72AF990
:107750000128C1D049462079FCF7BAF8C7E700BF35
:1077600010310020F8B59DF91C40164605461A4612
:107770009DF81870002C5DD084EAE470A0EBE470F2
:10778000C0B2202856D8002C05DD3B19402B07DD60
:107790006FF0010018E03F2FFAD83B190133F7DBF7
:1077A0002846FFF747FF002849D18C4601F12803FE
:1077B0009CF802E06046BEF1320F3ED00CF1040CA2
:1077C0009C45F5D16FF00300F8BD0CF1010CBCF144
:1077D000320F3AD16FF00400F6E75A4302F1580E27
:1077E0002A4492F86120AE44322AF6D103FB0C53AE
:1077F000089DA3F85C609D659DF9245083F85F7037
:1078000083F85E5083F8604083F86120BEF1000F7A
:107810000DD180F802C00B4600209A78322AD3D0CE
:1078200004335A1A242A00F10100F6DDCCE78EF861
:1078300009C0F0E76FF00200C6E7ACF800204FF097
:10784000000C4FF00C0E05F161020EFB0CF3D35C43
:10785000FF2BBAD14FF0000E0C238278C4E730B56D
:10786000B2F5006F85B010D29DF928500395099D9F
:1078700002959DF92050CDE9003513460A4600F1E6
:107880000801FFF76FFF05B030BD4FF0FF30FAE79A
:10789000F0B5154622F00052B2F5006F064685B0ED
:1078A0001AD29DF93070C5F3407403970B9F02976D
:1078B0009DF92870CDE9003742EAC4230A4600F159
:1078C0003001FFF74FFF0022044629467068FFF79A
:1078D00044FC204605B0F0BD4FF0FF34F9E72DE938
:1078E000F04F0E4600278DB0CDE90923089001F135
:1078F00032054FF6FF7335F8322CA8469A423DD038
:10790000A5F1300AA5F12A0414F9013CA146002B87
:107910002DDD34F8060CFBF7FFFF089B0B901B686E
:1079200034F9040C059335F8323C14F901BC069384
:1079300014F8023C079309F0E1F80A9A034622B1D1
:107940004FF0745109F02EF903460293079B0B9AEE
:1079500000930999069B05980397CDF804B0FFF7AB
:1079600001FFA9EB0A032A2B04F10604CCDDA8EBE6
:107970000603B3F5E17F05F13205BADD0DB0BDE8D0
:10798000F08F08B507F064FA00F5FF3000F5FE70DF
:10799000800208BD73B505460190FFF7F2FF04466B
:1079A000D0F8E86307F038FAFA21204607F042FAE7
:1079B000864211D10023214605F1080201A8FFF7F4
:1079C0008EFF01A8012305F1300204F5FA71FFF7DB
:1079D00086FF012002B070BD0020FBE72DE9F041D9
:1079E000074688460D460C26AC78322C06D111E0AD
:1079F0002079FBF7A1FF038BA380647A06FB047454
:107A000094F861305834FF2BF2D10435A5EB08030C
:107A1000242BE9DDBDE8F0812DE9F04107468846D9
:107A20000D460C26AC78322C05D110E0A088FBF76F
:107A300073FFA080647A06FB047494F861305834B4
:107A4000FF2BF3D10435A5EB0803242BEADDBDE8B9
:107A5000F08100002DE9F3410446FFF792FF012277
:107A6000054603464FF0FF36274F3A7000F5006297
:107A700053F8041B934206EA0106F9D107F0CCF94A
:107A800007F09EFB022007F091FB013602D028464A
:107A900007F052FB204604F10801FFF79FFF204644
:107AA00004F13001FFF79AFF294604F108020A2386
:107AB0002046FFF7A7FD04F1300205F128010A2353
:107AC0002046FFF79FFD04F1580205F1500196236F
:107AD0002046FFF797FD012301AA05F52D710190BE
:107AE0002046FFF78FFD07F077FB204604F10801E1
:107AF000FFF792FF204604F13001FFF78DFF0023CE
:107B00003B7002B0BDE8F08110310020F8B50446AA
:107B1000FFF737FF0546D0F8B46207F07DF9AA21D8
:107B2000284607F087F9864204D02046BDE8F84091
:107B3000FFF730BF04F10807294638460A22FCF750
:107B400015FB05F1280104F130000A22FCF70EFBB9
:107B5000962205F1500104F15800FCF707FB394665
:107B60002046FFF759FF204604F13001FFF754FF8C
:107B70000120F8BD38B5044615460D4B0846C4E94A
:107B800000312146FFF7DAFA204604F10801FFF739
:107B900019FD204604F13001FFF714FD15B1204610
:107BA000FFF7B4FF2046FFF725FB204638BD00BF96
:107BB000343001082DE9F04FADF6040D07F048F917
:107BC00040F2FF1605464FF0FF3A6FF003028402C1
:107BD00002FB064303F1006353F8043C013E0AEA4A
:107BE000030AF5D207F018F931464FF400726846DF
:107BF000FCF7C7FAE8466E460027F8B2FBF7D2FE5C
:107C000070B9F8B2FBF798FE8346F8B2FBF7C4FEF2
:107C1000F070BBF81830F8B23380FBF725FE7060C7
:107C20000137EF2F06F10806E7D14FF4FF716846E0
:107C300007F000F9CDF8F80707F0C2FABAF1FF3FF4
:107C400006D005F5FF3000F5FF70800207F074FAEA
:107C5000002504F1FF6404F5FF24601958F8041BA3
:107C6000043507F0C7FAB5F5006FF6D107F0B4FA9E
:107C7000DDF8F8070DF6040DBDE8F08F70B507F0DC
:107C8000E7F800F5FF3404F5FF74A40207F0C4F828
:107C90004FF4FF71204607F0CDF8D4F8F83783424F
:107CA00017D104F5FF662088FBF736FEF02805465D
:107CB0000AD0FBF777FE38B928466168FBF702FE69
:107CC0002846E178FBF752FE0834B442EBD100209D
:107CD00070BD4FF0FF30FBE7014B1860704700BFED
:107CE0002431002030B50B4C235C93B90A4B1D683E
:107CF0007DB10A4B0A490B4A18700B6802F8330031
:107D000002EBC30255600122134403F00F03225417
:107D10000B6030BD11310020243100201F310020C4
:107D200020310020B423002000231946034A0133E8
:107D30000E2B02F8011BFAD1704700BF1131002051
:107D4000014B1878704700BF1F3100200F2807D85B
:107D5000044A02EBC0035B6813B112F830007047AD
:107D600000207047B42300200F289DBF024B03EB77
:107D7000C003586800207047B423002010B4074B9C
:107D800003EBC1021479064A53F8313052F824202B
:107D9000014610BC0348FCF7B5BB00BF48300108E2
:107DA0003C3001085E26010838B5094C636853B1C0
:107DB0000025606830B114F8081B0135FFF7DEFFBD
:107DC000102DF6D138BD0348BDE83840FCF79ABB0A
:107DD000B42300206E26010830B50C240023614333
:107DE0000B4A8BB054185258A568CDE90332CDE93F
:107DF0000733CDE9013364680695059400930122A9
:107E00001946D0F8580206F01BFE0BB030BD00BF7B
:107E1000CC3001082DE9F34104460E4615461F46B5
:107E20009DF8208072B60121D0F8580206F01BFFA1
:107E3000CDE90075B6F5006F34BF424648F0010247
:107E400000233146D4F8580206F012FF00281DDA4C
:107E5000D4F85432132B08DD0121D4F8580206F06F
:107E6000FEFE62B602B0BDE8F08104EB0312C2F878
:107E7000146182F8188182F8197129680133C2F8F7
:107E80001C116968C2F82011C4F85432D4F8543275
:107E9000002BE6DDE0E7F0B5044600278BB0CDB25D
:107EA0000DF11A0303930DF11B0302930DF1190356
:107EB000019308AE06AB009305970496012229466C
:107EC000D4F8580207AB06F048FF08B90BB0F0BD74
:107ED000324620469DF81A300799FFF771F907F0EE
:107EE00015FCC4F8F800DBE773B5044640F2FF76F2
:107EF00000F58A75D4F85432002B1DDD03F1805350
:107F0000013B1A0105EB031303F10800A9581A7984
:107F100001905B79B14288BF42F001020093D4F82E
:107F20005802002306F0A4FE002805DBD4F85432E2
:107F3000013BC4F85432DDE7D4F854323BB9012197
:107F4000D4F8580202B0BDE8704006F08CBE02B012
:107F500070BDF0B51C460127106885B09B8815469A
:107F60000E4662882188029707400197E7885B01E7
:107F70007F01BFB2520149019BB292B289B2009710
:107F800006F050FE002333602A6801322A60E38045
:107F9000A3806380238005B0F0BDF0B51C460125A9
:107FA000106885B09B8816460F4662882188029526
:107FB00005400195E5885B016D01ADB252014901B3
:107FC0009BB292B289B2009506F01CFE00233B6082
:107FD000326801323260A380238040F2FF73E38075
:107FE000638005B0F0BD73B5106815460E465A683B
:107FF00019681C460123D200C900009342F0040214
:10800000034041F0040106F01DFE002333602A689E
:1080100001322A60C4E9003302B070BD70B5044675
:108020000023002526463E498AB00868496806AA0A
:1080300003C2D4F858223B49CDE908338A42CDE93E
:108040000433CDE9003302931EBF374BD3F8003A17
:10805000C3F305230393C2F81C52D4F8F430009AFA
:10806000AB421BDC002A05DD6946204604AB03AAAF
:10807000FFF76FFF019B002B05DD204606AB03AA2F
:1080800002A9FFF78AFF029B002B05DD204608AB03
:1080900003AA02A9FFF7A7FF0AB070BD56F8043F74
:1080A000B3F5006F26D3029A0AA901EB820123F0EF
:1080B0006043013241F8083C0292009B042B05D139
:1080C0006946204604AB03AAFFF743FF019B022B3E
:1080D00005D1204606AB03AA01A9FFF75EFF029B6C
:1080E000022B05D1204608AB03AA02A9FFF77BFFAC
:1080F0000135B2E7B16F51B1019A0AA800EB420015
:1081000020F8103C931C019320F80E1CD5E70AA917
:1081100001EB4201013221F8183C0092CDE700BF8B
:10812000203101080064004000600040F8B50446BA
:108130000E461D461746FEF7EDFF00214A4BC4E9E7
:1081400095162360494B9E421AD003F580639E42E8
:1081500053D0D4F8580206F067FC39462046FFF7A2
:108160003BFE2046FFF75AFFD4F85802022106F0E2
:1081700076FDD4F85802102106F071FD2046F8BDB6
:108180004DB34FF480730222394807F03FF84FF4A3
:108190008071374807F07AF84FF400730222032108
:1081A000334807F033F8142007F0EEFDF0211420D7
:1081B00007F0F6FD152007F0E7FDF021152007F088
:1081C000EFFD132007F0E0FDF021132007F0E8FD9C
:1081D000284B1C60BDE74FF4006302222946264865
:1081E00007F014F84FF40061234807F04FF84FF4FC
:1081F0008053022203212048D3E735B320230222F3
:108200001B4807F003F82021194807F03FF84023E6
:1082100002220321164806F0F9FF402007F0B4FDC2
:10822000F021402007F0BCFD412007F0ADFDF0211A
:10823000412007F0B5FD3F2007F0A6FDF0213F20CB
:1082400007F0AEFD0B4B5C6083E74FF480530222D6
:108250002946074806F0DAFF4FF48051044807F03A
:1082600015F84FF40053D3E7C03001080064004014
:10827000000C01402831002000080140024B002181
:108280001868FFF708BE00BF28310020024B01210B
:108290001868FFF700BE00BF28310020014B1868A6
:1082A000FFF722BE28310020024B00215868FFF75B
:1082B000F2BD00BF28310020024B01215868FFF7B2
:1082C000EABD00BF28310020014B5868FFF70CBE03
:1082D0002831002008B5B0F9100008F00FFC08BDE7
:1082E00008B5B0F90E0008F009FC08BD08B5808A91
:1082F00008F000FC08BD08B5B0F90C0008F0FEFB62
:1083000008BD807C704738B50C460546084605F028
:10831000E7FF00224FF4ED7120466C60FEF71DFF71
:1083200068680022BDE8384040F25A51FEF715BF98
:1083300010B5044608460D4908F034FC0C4908F015
:10834000E5FC08F00BFEE0822320FBF793FA0128FE
:1083500008BFE38A4FF0A20004BF5B42E382B4F996
:108360001610BDE81040FBF7A5BA00BF00E0FF44BF
:108370000000C842B0F9160005F0DCBF06F026B9CF
:1083800000B2203800EB800010F5916F07DBB0F5EC
:10839000906F07DA092390FBF3F040B270476FF05B
:1083A0007F0070477F207047B1F5ED7F38B50446F8
:1083B000154626D113785B0083820720FBF75AFA13
:1083C00048B9A08AB0F5D27F05D208F093FB0146E8
:1083D0008A20FBF77DFA6B792A795B0843EAC2139E
:1083E000A3F5FF427F3A12B2B3F5804FA8BF134600
:1083F000A381AB7913F0B00F14BF01230023A37442
:1084000038BD40F25A539942FAD19078FFF7B8FF3D
:10841000E0815078FFF7B4FF2082F1E710B5044601
:108420008420FBF727FA012804D12046BDE810403C
:10843000FFF758BC10BD000070B50646AD20FBF735
:1084400019FA2C4D04462B78002818BF43F001037D
:108450002B7007F05BF9D6F8F830984209D02B78EA
:108460003BB10021AD20FBF725FA0920FFF73AFCCC
:1084700000242148F9F722FA0146B120FBF71AFA45
:108480001E48F9F71BFAC4F3400340EA0301C9B2DE
:10849000B220FBF70FFA1A48F9F710FAC4F3800379
:1084A00040EA0301C9B2B320FBF704FA1548F9F713
:1084B00005FAC4F3C00340EA0301C9B2B420FBF7D4
:1084C000F9F91148F9F7FAF9C4F3001340EA030186
:1084D000C9B2B520FBF7EEF9C4F34011B620FBF7A3
:1084E000E9F90A48F9F7EAF9BDE870400146B72012
:1084F000FBF7E0B935310020C42C0020BC2C002053
:10850000B42C0020AC2C0020A42C0020CC2B00206C
:108510002DE9F743B320FBF7C3F906461F20FBF70D
:10852000A9F90446A820FBF7A5F907464548FCF73A
:1085300075F800904448FCF771F800990190A32069
:10854000FBF7B8F9A4200199FBF7B4F900216846BC
:10855000FCF7EEF80121054601A8FCF7E9F864B93B
:10856000002D3CD10420FFF759FF2946A720FBF737
:10857000A1F9002003B0BDE8F083012C5BD1002DF0
:1085800050D000284AD000210098FCF7F9F8214685
:1085900080460198FCF7F4F84146814608F0F8F966
:1085A0000021054608F09CFC08B105F1004528466D
:1085B000264908F0B3FC90B10720FFF72FFF49468A
:1085C000404608F08DFC224958B1404608F0A6FC10
:1085D00028B1204B1B6803EBD3735B10009300247E
:1085E00009E0484608F09AFC28B11A4B5B6803EB97
:1085F000D3735B10019337F00203BAD0164B18699E
:10860000164B984219D0F9F759F9154B32461870A4
:10861000ACB921460098FCF7A3FAABE70520FFF7B9
:10862000FDFEDCE718B10420FFF7F8FEE3E70620C3
:10863000FFF7F4FE9DE70820FAE70020E5E70121B7
:108640000198E8E7E82C0020E42C002000002041FD
:1086500000004842E42E002028320020C42B0020D5
:10866000A02E00202DE9F3418046A8200F46FBF7FD
:1086700001F946B22020FBF7FDF810F0020F4FF091
:1086800021000CBF01244FF0FF34FBF7F3F8D8F8BA
:108690000030C5B25B6A40460DF1060198470028DC
:1086A0004DD09DF80640012C00F0AB80032C00F06B
:1086B000AB80B4FA84F464096400A64200F0A98097
:1086C000002D00F0A980D4B12220FBF7D3F8074693
:1086D000A020FBF7CFF800284FF0A00080F2968092
:1086E000FBF7C8F84042874240F39480B320FBF781
:1086F000D7F808B1022D02D0012D40F08B80222046
:10870000FBF7B8F80646A020FBF7B4F800284FF0B6
:10871000A00080F29780FBF7ADF84042864240F31C
:108720009480B320FBF7BCF808B1022D02D0012DD4
:1087300040F08B800121B820FBF7BCF872E03B6869
:1087400038465B690DF10701984710B19DF8074065
:10875000A9E72020FBF78EF804281FD1B420FBF7EF
:108760009FF898B9B520FBF79BF800280CBF0124AF
:108770004FF0FF341520FBF77DF801289DD1C22072
:10878000FBF778F8012808BF002496E7B520FBF72F
:1087900087F80028E6D000242646EBE72020FBF7E8
:1087A00069F810F0010F4FF0B40014D1FBF778F81E
:1087B00058B9B420FBF774F80028DBD1B520FBF7DB
:1087C0006FF8E0B1644264B2D4E7B520FBF768F813
:1087D0000028EED0DFE7FBF763F80746B520FBF78C
:1087E0005FF88742D7D0B420FBF75AF80028C1D1F0
:1087F000B520FBF755F80028E4D10446BAE7344623
:10880000B8E74FF0FF3458E7012456E7FBF732F89A
:1088100069E715B1344672E726460021B820FBF718
:1088200049F834468420FBF725F8012803D00021BD
:10883000B820FBF73FF82146A820FBF73BF802B031
:10884000BDE8F081FBF716F868E7002173E7000048
:10885000F8B506468A20FBF715F804460720FBF713
:1088600009F890BB8420FBF705F820B900218A2085
:10887000FBF72EF80024A448FBF7D0FE08F03AF9E5
:10888000A24908F043FA0146AC20FBF721F8292061
:10889000FAF7F8FF0146204608F040FB98B1313660
:1088A000622E09D89A4B9988186806F0F1FC994B0A
:1088B0009988186806F0ECFC84200021FAF7FAFF8A
:1088C0000220FFF70FFA2046F8BD0720FAF7D2FF83
:1088D000012872D1904B186808F010F98F4908F000
:1088E00015FA01468A20FAF7F3FF8D4B186808F055
:1088F00005F98A4908F00AFA014605468B20FAF77D
:10890000E7FF884B186808F0F9F8844908F0FEF989
:10891000014607468C20FAF7DBFF834B186808F006
:10892000EDF87E4908F0F2F901469020FAF7D0FF01
:108930007E4B186808F0E2F8784908F0E7F901463C
:108940008F20FAF7C5FF7A4B186808F0D7F87349FB
:1089500008F0DCF901469120FAF7BAFF754B186868
:1089600008F0CCF8744908F0D1F901469220FAF7E2
:10897000AFFF4FF07C51284608F014F9394608F053
:1089800007F801468D20FAF7A3FF0720FAF772FFD8
:1089900004287FF470AF2820FAF774FF294608F006
:1089A0009FFA00283FF467AF6449284607F0F0FFBC
:1089B00001463920FAF78CFF5DE70720FAF75AFFE6
:1089C000042887D00720FAF755FF02284BD18420CE
:1089D000FAF750FF00283FD0594B186808F08EF87E
:1089E0004E4908F093F901468A20FAF771FF554B7A
:1089F000186808F083F8494908F088F905460146E7
:108A00008B20FAF765FF2820FAF73CFF294608F08B
:108A100067FA38B14949284607F0BAFF01463920BC
:108A2000FAF756FF00218C20FAF752FF464B1868E0
:108A300008F064F8394908F069F9054601469020C4
:108A4000FAF746FF2946204608F0ACF8334908F00B
:108A50005DF901468F20ADE700218A20FAF738FF43
:108A600000218B20DCE70720FAF704FF03287FF4BE
:108A700002AF8420FAF7FEFE002838D0334B4FF0C7
:108A80007C51186808F08EF801468A20FAF720FF1A
:108A90002F4B4FF07651186808F084F805460146D0
:108AA0008B20FAF715FF2820FAF7ECFE294608F08C
:108AB00017FA38B12149284607F06AFF01463920E4
:108AC000FAF706FF00218C20FAF702FF214BB3F9D9
:108AD000000008F013F807F055FC09A3D3E90023C0
:108AE00007F0A8FC07F000FF0146902062E7002194
:108AF0008A20FAF7EDFE00218B20E1E7AFF300803A
:108B00009A9999999999B93FE02C00200000524315
:108B10009C2C0020542C0020002F002000007A44C0
:108B2000FC2E0020F82E0020102F0020082F0020FF
:108B3000042F00200C2F0020000061450000A04100
:108B400044320020483200204C32002064320020A1
:108B5000603200206832002013B504462520FAF761
:108B600089FEA0424FF0240061DDFAF78BFE374BFF
:108B70001860FFF7CDFC01908A20FAF783FE0146CA
:108B800001A8FBF7B5FE9020FAF77CFE002108F063
:108B9000A7F9002851D09020FAF774FE00F10041A7
:108BA00001A8FBF715FF84EAE471A1EBE47101A8C9
:108BB000FBF788FFA920FAF757FE07F09FFF04464E
:108BC0002C20FAF751FE07F099FF01AA0146204632
:108BD000FBF748FE10B10B20FFF784F8AA20FAF744
:108BE00043FE07F08BFF04462D20FAF73DFE07F009
:108BF00085FF01AA01462046FBF734FE10B10C2088
:108C0000FFF770F80198FBF7DDFD1149044608F005
:108C100067F9C8B920460F4908F080F990B10D49AD
:108C2000A7200191FAF754FE019802B010BDFAF79F
:108C300083FE006907F062FF99E79020FAF722FEB1
:108C40000146ADE72146EBE70149E9E7BC2E0020EC
:108C50000000C8C20000C84238B50948FBF7DEFC76
:108C600005460848FBF7DAFC04462946A320FAF734
:108C700021FE2146BDE83840A420FAF71BBE00BF04
:108C8000E82C0020E42C002010B53D20FAF7FAFD76
:108C900004469120FAF7F6FD002108F021F9E0B131
:108CA0009120FAF7EFFD00F100400F4907F07AFF3D
:108CB000214608F02BF801460B4807F069FE0A49E7
:108CC000044608F02BF960B92346084A2146BDE85E
:108CD000104093201360FAF7FBBD9120FAF7D2FD04
:108CE000E3E7014B1C46F0E70000C84238310020A2
:108CF00070B5AF20FAF7BEFD0446B020FAF7BAFD12
:108D00003F4B0546197800F00C0211B102B91A70F8
:108D100070BD0AB101221A70EE0721D58420FAF73E
:108D2000A9FD01281CD1002C36DCA020FAF7A2FDF9
:108D30000446680724D5B4F5FA7F21DD314B1C6069
:108D4000304D2B68A3424CDD3720FAF793FD29689C
:108D5000204488421BDC3720FAF78CFD011916E00D
:108D60000022284B38201A60FAF784FD2C072DD4F6
:108D7000411E15F0040F21EAE17108BF014629E008
:108D8000290703D51F4B1B68002B27DC0021BDE8FA
:108D90007040AF20FAF78EBDAA07F7D4B320FAF7D8
:108DA0007FFD0028F2D115F0080F164E06D03620B0
:108DB000FAF760FD336803443360C1E76B07BFD542
:108DC0003620FAF757FD33681B1AF5E7411C0329D3
:108DD000A8BF03213820FAF76DFDD7E7002CAFDCE0
:108DE000D4E70BDA3720FAF745FD2968201A8842C4
:108DF000CDDB3720FAF73EFD211AC8E72146C6E74A
:108E00003431002030310020042010B5FAF732FD53
:108E1000012838D1C120FAF72DFD07F0A1FA20A3CF
:108E2000D3E9002307F006FB07F05EFD08F0BCF86D
:108E300081B27E20FAF73EFD7E20FAF71BFD00EBA3
:108E40008000C400A4B26720FAF714FD102804D1F2
:108E500022460021144806F0ABFE6820FAF70AFD0E
:108E6000102804D1224602210F4806F0A1FE6920F5
:108E7000FAF700FD102812D12246BDE81040042167
:108E8000094806F095BE0420FAF7F4FC0328C1D087
:108E90000420FAF7EFFC0428BCD00024D3E710BD6F
:108EA00026E4839ECDAAFA3F0004004070B5B8B313
:108EB000A920FAF7DFFC06462C20FAF7DBFC054672
:108EC0008020FAF7D7FC04467F20FAF7D3FC001B7A
:108ED000704390FBF5F0204400EB8000C400A4B286
:108EE0006720FAF7C7FC122804D1224600210E4859
:108EF00006F05EFE6820FAF7BDFC122804D1224677
:108F00000221094806F054FE6920FAF7B3FC122842
:108F100008D12246BDE870400421034806F048BE4F
:108F20000446DDE770BD00BF0004004038B5A0B3C3
:108F30009320FAF79FFC05468220FAF79BFC044633
:108F40008120FAF797FC6423001B684390FBF3F041
:108F5000204400EB8000C400A4B26720FAF78AFC2A
:108F6000132804D1224600210D4806F021FE682076
:108F7000FAF780FC132804D122460221084806F0A3
:108F800017FE6920FAF776FC132808D12246BDE8BF
:108F900038400421024806F00BBE0446DDE738BD28
:108FA00000040040612008B5FAF764FC012808D1EC
:108FB000FAF7ECF9064806F0A3FC0022054B1A70FC
:108FC00008BD6120FAF756FC0228F9D1F0E700BF8E
:108FD000002C014036310020F8B504466120FAF734
:108FE00049FC0128064628D17720FAF743FC2A4D90
:108FF000FCB107F083FD2B7807461BB9274806F024
:109000007AFC2E70204607F079FD394607F0CAFD3C
:109010000146234807F07AFE07F0C6FF05460146E1
:109020001E4806F074FC00211C486A0806F0C0FDCA
:1090300003E01A4806F064FC2C706120FAF71AFC71
:10904000022828D17720FAF71DFC134D0646F4B10B
:109050002B7823B9114806F04EFC01232B702046D3
:1090600007F04CFD314607F09DFD01460C4807F026
:109070004DFE07F099FF04460146084806F047FCFC
:1090800062080021BDE8F840044806F091BD03489D
:1090900006F036FC2C70F8BD36310020002C014063
:1090A00020C57B4C10B504466120FAF7E3FBC8B934
:1090B000092C3BD91F4BA4F10A005843462390FBCF
:1090C000F3F000F2537080B207F04AF900221A4B15
:1090D00007F0B0F907F0E8FB84B2224600211748F8
:1090E00006F066FD6720FAF7C5FB04EB8404E40094
:1090F0001128A4B204D122460021114806F058FDDF
:109100006820FAF7B7FB112804D1224602210C4847
:1091100006F04EFD6920FAF7ADFB112808D1224672
:10912000BDE810400421064806F042BD0446D4E7DD
:1091300010BD00BF56FAFFFF0000E03F002C0140C9
:10914000000400402DE9F04385B00E4617469846CE
:109150009DF83890FAF7F0FB124C456812492068E8
:10916000FBF7E2F92068B9F1000F18D00F49FBF7BF
:10917000DBF99DF934304FF084410C98039307F0EC
:1091800011FD07F0EBFECDE90180009733462A463A
:1091900007492068FBF7C8F905B0BDE8F083054929
:1091A000E5E700BF40310020D6270108DB27010892
:1091B000E3270108DF27010870B504460846FAF7DF
:1091C000A9FF20210546FAF759FF03782BB910496A
:1091D0002046BDE87040FBF7A7B90023052100F841
:1091E000013BFBF737F806462846FAF781FBF028E3
:1091F00007D03146FAF720FB08B90649E8E70649E7
:10920000E6E72A462046BDE870400449FBF78CB9E2
:10921000F7270108122801081B2801083028010837
:10922000F8B507460846FAF775FF04462C21204694
:10923000FAF724FF00230678054603702046FAF764
:1092400057FBF0280CD0FAF70FFB024606492C46D4
:109250003846FBF769F92C2E04F8016BE6D0F8BD0F
:1092600022460249F3E700BFF82501084728010814
:109270002DE9F04106460846FAF74CFF20218046CA
:10928000FAF7FCFE037804462BB918493046BDE8CE
:10929000F041FBF749B9002505704046FAF728FB75
:1092A000F02807461AD06378212B0AD07E2B08D0ED
:1092B0002F2B06D0611C0E48FAF7C2FE20B10D49D3
:1092C000E4E70125A11CF6E7012138461DB1FAF7B4
:1092D0005BFB0949DAE7FAF74FFBFAE7424630460B
:1092E000BDE8F0410549FBF71FB900BF612801083F
:1092F000712801087828010887280108302801080A
:109300002DE9F04F04468DB00846FAF703FF4649B1
:1093100090F800802046FBF707F900274FF0200B5C
:10932000DFF80891FEB23046FAF706FB05463046F4
:10933000FAF732FBC30702D5B8F1680F56D16B6854
:10934000AA68298B3046079306920591FAF78CFAA2
:109350000599069A079B02900191009234495A465A
:109360002046FBF7E1F80DF1270303930DF12603E7
:1093700002930BAB01930DF1250300933146D9F80D
:10938000000009AB0AAAFDF7C8FF00B39DF925301C
:109390004FF084410B98059307F004FC07F0DEFDC5
:1093A000244B9DF827C0244A9DF92610BCF1000FDC
:1093B00018BF1A469DF824B0059BCDE90212019012
:1093C000009320465B460A9A1C49FBF7ADF83046ED
:1093D000FAF7E8FAD8B13046FAF7E4FA012816D0DD
:1093E00020461749FBF7A0F84FF02C0B0137EF2F61
:1093F00098D1144B2046D3F8F0271349FBF794F883
:10940000204612490DB0BDE8F04FFBF78DB802972A
:109410002B68204601936B690D490093D5E903231E
:10942000FBF782F8E0E700BFA32801083C310020E9
:10943000A5280108982801089D280108D3280108BB
:109440009829010800F0FF1F6E290108A9290108C9
:10945000202901082DE9F04F0D468BB00DF11409BC
:10946000142200210446484607F0BEFD2846FAF7BC
:1094700051FE0778702F0BD1554B564D1868564941
:109480002C60FDF7B6FF00232B600BB0BDE8F08F1A
:10949000632F0AD14E4B1868FEF7A4F84F492046B7
:1094A0000BB0BDE8F04FFBF73FB82021FAF7E6FD1F
:1094B00003780BB94A49F2E7FAF72CFE20218046DF
:1094C000FAF7DCFD03780BB9642FF3D106460025CB
:1094D000404606F8015BFAF70BFA82463046FAF787
:1094E00019FEBAF1F00F804601D13E49D7E7642F4B
:1094F0000CD1374B51461868FDF7DAFE02463A495F
:1095000020460BB0BDE8F04FFBF70EB84FF07E568B
:1095100020214046FAF7B2FD037883460BB9022DAD
:10952000C8DD002340468BF80030FAF7DAFD032D42
:109530002DD110214046FAF78DFE07F0DFFA4FF0EB
:109540005E5107F02FFB06460BF10100FAF7E2FD32
:109550000135052D8046DBD1DDE90598079D1C4BC3
:109560009DF924106AB2742F186802910092514636
:109570004A465FFA88F301960CD1FEF770F9431D55
:10958000042B18D8DFE803F012150F0C090049F876
:109590002500D9E7FEF77CF9F1E74A461349AFE722
:1095A00042461349ACE72A461249A9E74A461249FE
:1095B000A6E7124973E7124A124B13490128D8BF94
:1095C0001346024620460BB0BDE8F04FFAF7ACBF99
:1095D0003C3100204031002045910008AF290108AE
:1095E000D1290108E4290108F82901080D2A0108F8
:1095F000212A0108352A0108492A0108712A01088F
:10960000252B0108122101088D2A01080E4B10B5E7
:109610001B78044693B172B60C4B1868FEF71AFA21
:109620000B492046FAF780FFFEF7C4FA024662B6FD
:1096300008492046BDE81040FAF776BF0649BDE864
:109640001040FAF771BF00BF382400203C310020E1
:10965000B72A0108C72A0108E32A010810B5044601
:1096600072B6FEF70BFB62B640B9EF20F8F7F8FFD1
:1096700003492046BDE81040FAF756BF0149F8E714
:10968000262B01083A2B010808B506F075FB2DE9D9
:10969000F0470024054689461746A0462C21284657
:1096A000FAF7ECFC90F800A0064680F80080284607
:1096B000FAF71EF9F02886F800A018BF09F8040090
:1096C000337818BF01342C2B03D1BC4206F10105BD
:1096D000E4D32046BDE8F0872DE9FF47074608465A
:1096E000FAF718FD0446FAF7FCFC2021054620464F
:1096F000FAF7C4FC037833B938461C4904B0BDE816
:10970000F047FAF711BF0DF104090A22494601306A
:10971000FFF7BDFF82463846FAF75EF93846FAF79A
:1097200057F918B985421CDC6B1C1AD004B0BDE88F
:10973000F08719F80400FAF797F8424603460C49F7
:109740003846FAF7F1FEDFF82C8001345445F0DB9F
:1097500038460949FAF7E8FE6A1C18BF05F1FF35DB
:10976000DCE70446DFF81480F0E700BF502B010867
:109770006F2B010848270108232B0108252B01081E
:1097800010B504460022616008464FF46D71FDF784
:10979000E4FC002240F272216068FDF7DEFC00224A
:1097A00040F29E216068FDF7D8FC002240F2B22111
:1097B0006068FDF7D2FC60680022BDE8104040F20E
:1097C000EF21FDF7CABC0000F0B5054685B08A2040
:1097D000FAF750F800EB80068A20FAF74BF80446B7
:1097E0009020FAF747F807464420FAF743F80A238F
:1097F00007F233375F4300EB800065234000ADF88C
:109800000C00201E4FF00004B8BF033080108DF80C
:109810000F0076006868ADF80A608DF80E30ADF87C
:109820000870036800945E6808234FF489710DEB9B
:109830000302B0470C4A13780133DBB2022B02D08B
:10984000137005B0F0BD4CF67C3302938A23686830
:109850008DF80C300368147000945C6840F2A1111C
:10986000052302AAA047ECE763310020F0B5674B5F
:1098700085B01B784FF0FF36043BDBB2012B8CBF69
:10988000FD23FC238DF80830FF2300248DF80930D8
:109890005F4B05461B7840681B0103968DF80A3024
:1098A000036800945F68082340F2FA210DEB03027D
:1098B000B8474420F9F7DEFF564B400002934FF6BD
:1098C00002738DF80C0068688DF80D60ADF80E30ED
:1098D000036800945F68082340F232410DEB0302F5
:1098E000B8474D4B686803930294036800945F681F
:1098F000082340F21A510DEB0302B847474B686842
:1099000003930294036800945F6808234FF4A861EE
:109910000DEB0302B847424B6868CDE90234036897
:1099200000945F6808234FF4A2610DEB0302B8476F
:109930003C4A13780133DBB2052B02D0137005B01B
:10994000F0BD1470384A686813688DF80940013317
:1099500013608DF8083041F68763ADF80A40ADF822
:109960000C30036800945F684FF44A71062302AA22
:10997000B8474FF6F1736868ADF808300368009493
:109980005F684FF47A71022302AAB8472749284B2F
:109990006868CDE90213036800945F68082340F209
:1099A000F9310DEB0302B847224A13780133DBB2D9
:1099B000042BC3D1204B6868CDE9023603681470CC
:1099C00000945F6808234FF43F710DEB0302B84722
:1099D0001A4B6868CDE90236036800945E68082374
:1099E0004FF428710DEB0302B0476FF47C126FF057
:1099F0004073CDE9022368684FF4687103680094EE
:109A00005C6808230DEB0302A04798E7693100204A
:109A1000683100202CE210A35000001AFD3CFF40EA
:109A2000401020006531002058310020C0F980E04E
:109A3000433CC3FF64310020810004FF8888F80F95
:109A40007FB545F6FF720025564B0446CDE902234B
:109A500040683C21036800955E6808230DEB030213
:109A6000B0473D20F9F706FF4F4AADF808001368EC
:109A70006068C3F30B0313604C4A11784C4A1278A8
:109A800042EA01128DF80A204A4A40F2E93112787E
:109A900042EA03121B098DF80C30474B8DF80B205E
:109AA000464AB3F9003012788DF80D301B1343EAA3
:109AB00002138DF80E30424B1B788DF80F3003687F
:109AC00000955E6808230DEB0302B0473D493E4B0D
:109AD0006068CDE90213036800955D68082340F2D1
:109AE00031410DEB0302A84742F6F5038420ADF89F
:109AF0000830F9F7BFFE012808BF8A234FF0840021
:109B000008BF8DF80A30F9F7B5FE01281CBF86237F
:109B10008DF80A301D2300228DF80B302B4B606826
:109B20000393036800925D68082340F22F110DEB48
:109B30000302A847264B1B78043BDBB2012B2ED82F
:109B40008A20F9F797FE00EB800040007D238DF816
:109B50000A30204B00221B88ADF808008DF80B302E
:109B60001B0A8DF80C301C4B60681B8840F2F121F9
:109B70008DF80D301B0A8DF80E30A0238DF80F30B4
:109B8000036800925C6808230DEB0302A047842061
:109B9000F9F770FE8420F9F76DFE04B070BD41F254
:109BA0003600D3E70000FFFF4C3100204831002091
:109BB00047310020463100204A3100204531002045
:109BC00049310020CAFF0B026926F34BF135308082
:109BD00067310020503100205231002070B5C22082
:109BE0000C46F9F75DFE184A18B3184B1B78013B79
:109BF000DBB2012B1DD8E4B11421CD201170022558
:109C0000F9F758FEFE2301224FF482700021104E16
:109C10003170104E3170104E318010490B70104B66
:109C20001D70104B1A70104B1A70104B18602046A4
:109C300070BD1E21CD201170F9F73CFE00231D469A
:109C40001A4618461C46E1E76731002069310020BA
:109C500068310020453100204A3100204931002080
:109C60004831002047310020463100204C3100208F
:109C7000F8B50D460C78C1202146F9F71BFE6E7829
:109C8000C0203146F9F716FEA978C22001F0010183
:109C9000F9F710FE29791C4B01F00701C320197058
:109CA000F9F708FEB4424FF0460028BF3446F9F7F2
:109CB000E1FD44434720F9F7DDFD06F051FB10A319
:109CC000D3E9002306F0B6FB0646A0B20F4606F025
:109CD00047FB02460B463046394606F0ABFB06F022
:109CE000E3FD81B23F20F9F7E5FDE979074B490033
:109CF000CA201980F9F7DEFDAA79054B1A70F8BD64
:109D00007B14AE47E17A843F693100205431002052
:109D10006031002038B50A250C46B1F80110C52085
:109D20004901B1FBF5F14909F9F7C4FDB4F8031095
:109D3000C4204901B1FBF5F14909F9F7BBFD2178D0
:109D4000054B8A091A70054BC1F383011970CC20A9
:109D5000BDE83840F9F7AEBD5D3100205C31002030
:109D600038B50A250C460988C8204901B1FBF5F130
:109D70004909F9F79FFD6188C6204901B1FBF5F15A
:109D80004909F9F797FD6379024AC3F30113137088
:109D900038BD00BF5E3100200A2310B50C4609888B
:109DA000C9204901B1FBF3F14909F9F783FDA37912
:109DB000024AC3F30113137010BD00BF5F310020CE
:109DC00010B50C468978CF208908F9F773FDA17882
:109DD000CE20BDE8104001F00301F9F76BBD0B4642
:109DE000114640F2B222934216D008DC40F27222B1
:109DF00093420DD040F29E2293420BD0704740F226
:109E0000EF2293420AD0B3F56D7F09D1FFF730BF3F
:109E1000FFF7D6BFFFF77EBFFFF7A2BFFFF7BCBFBC
:109E200070470000F8B58A20F9F724FD86B23E207D
:109E3000F9F720FD85B24220F9F71CFD0746214CB9
:109E4000C420F9F717FD2378BAB29342C4BFFBB21E
:109E50002370962B88BF962382B288BF23709342CB
:109E600004DBC3B2FA2B88BF00232370164BAE422B
:109E70001978164B1A7815D251EA020317D12378B4
:109E8000013323709920F9F7F5FC2178884203DA31
:109E90009920F9F7EFFCC1B22170C720BDE8F84066
:109EA000F9F708BD82BF237803F1FF33237001293E
:109EB00002BF237803F1FF332370012AE2D1237814
:109EC000013BDEE7443100205E3100205F3100209D
:109ED0000F4A1378013B13F0FF0301D01370704752
:109EE000052313700B4A1388013B13800A4A138819
:109EF000013B1380094A1378013B13F0FF0301BFB4
:109F00003C231370064A137808BF03F1FF33E5E7DB
:109F10006231002052310020503100206131002098
:109F2000493100202DE9F0410646C2200D46F9F7DF
:109F3000B7FC002800F0B781974F3B78043BDBB2B9
:109F4000012B00F2B081954CCD202178132984BFDC
:109F500000212170F9F7AEFC2378092B28D8DFE81F
:109F600013F00A002A0057008400AA00D500F3006D
:109F7000430166018F0100230120894A894913703A
:109F8000894A1370894A1380894A1370894A10706C
:109F9000894A1070894A1370894A1360894A13707C
:109FA0000A780244D2B2142A0A7001D920700B70C8
:109FB0002846BDE8F0810122794B7B491A700023C5
:109FC0000B707A490B807A490B707A490A707A498A
:109FD0000A707A4A13707A4A13607A4A13703A7890
:109FE000062A08BF2370784B1A786E4B042A03D0D8
:109FF000282A01D0092A02D11A7801321A701A7857
:10A00000192AD5D922780132227000221A70CFE79E
:10A010000922634B1E211A700023634A1370634A9E
:10A020001380634A11704FF4E161684A11804FF464
:10A030001661674A11800521664A11703C21664A03
:10A04000117001225B490A705B490A705B490A7012
:10A050004FF4DC615A4A11605A4A13705F4B1B88F7
:10A06000002BA5D003232370A2E709224C4B5149B2
:10A070001A7000234C4A13704C4A138001220A7054
:10A080004D490A704D490A704FF4DC614C4A116029
:10A090004C4A1370514B1B88322B424B9EBF1A788F
:10A0A00001321A701A78142A82D94D4A1278012A7C
:10A0B000ABD10422A8E702220026394B8A201A706D
:10A0C000394B3C4A1E70394B1E80012313703A4AAB
:10A0D00013703A4A13704FF4DC62394B1A60394BF3
:10A0E0001E70F9F7C7FB3D4B2E4A1B88C01A132878
:10A0F00001DD16705CE713780133DBB2142B1370AB
:10A100007FF656AF237801332370F2E70223244A07
:10A1100028491370244ACF2013700022234B1A8041
:10A1200001230B7024490B7024490B704FF4DC6140
:10A13000234B1960234B1A70F9F7B2FB00283FF448
:10A1400037AF237801338EE703224FF00208144B18
:10A15000164F1A70144B304683F80080194B1B7849
:10A160003B80FFF75FFE3046FFF7B2FE114B124A0D
:10A1700083F8008001231370104A13704FF4DC62DF
:10A180000F4B1A6025B1174B1B7843457FF410AF76
:10A1900000233B80D5E700BF6931002067310020F4
:10A1A0006831002066310020453100204A3100200E
:10A1B000493100204831002047310020463100203D
:10A1C0004C31002044310020603100205231002009
:10A1D00050310020623100206131002054310020D4
:10A1E0005D3100205C3100200422304B00211A70C8
:10A1F00002222F4B1A701E222E4B19802E4B1A70E2
:10A2000001232E4A13702E4A13702E4A13704FF4F6
:10A21000DC622D4B1A602D4A13780133DBB20A2B16
:10A2200013707FF6C5AE082311702370C0E60422B8
:10A230001E4B1E201A7001231D4A1E491370002256
:10A240000A801D4908701D4921480B701C4900886F
:10A250000B701C4B1A704FF4DC621B4B1A601B4ACC
:10A2600011784B1CDBB2137010B90231CBB21370F2
:10A270000A2B7FF69DAE092323700023137097E607
:10A2800000231E21094A1370094A1370094A1380DA
:10A29000094A11700121094A1170094A1370094ACB
:10A2A0001370094A1360002582E600BF6831002060
:10A2B000453100204A31002049310020483100203A
:10A2C00047310020463100204C310020663100200B
:10A2D0005431002008467047B1F5847F07D11368D8
:10A2E0000B4A190E11700B4A1B0A1380704740F27B
:10A2F000091399420BD113680749180A08800749C6
:10A300001B0E0B705368064AC3F305231370704786
:10A31000A03100209E310020943100209231002095
:10A32000913100200122F8B5384C4FF48070227032
:10A330000822C4E901020022354B364F1E68364B15
:10A340000A2E1D683B8898BF002603F1280343F4BA
:10A3500048034FEA1321637388BF01261B0C322D7B
:10A360002046E37394BF002501252273A173227454
:10A37000FCF7C0FD4FF4FA5300BF013BFCD10122B2
:10A3800040F201112270254A2048C4E90112E3601D
:10A390002374FCF7AFFD4FF4FA5100BF0139FCD133
:10A3A0001F4A3B8812682174120642EA03221D4BA1
:10A3B00018781D4B1B785B0243EA00231B4800788A
:10A3C00043EA80231A48007843EAC02319480078FA
:10A3D00043EA0043012020704FF4817060604FF425
:10A3E000847043EA86032081100A43EA0513A072B1
:10A3F000100C120E227363731A0A1B0CE072A27304
:10A40000E3730248BDE8F840FCF774BD70310020EA
:10A4100088310020963100208C3100200800FFFE9A
:10A4200098310020A5310020A4310020A331002064
:10A43000A231002090310020084B094A1B78984235
:10A4400028BF1846074B18701368984202D9013389
:10A4500013607047FDD2013BFAE700BFA031002036
:10A46000983100209C3100202DE9F041514C2568A5
:10A470002DB905F04BF920602846FFF7DDFF05F008
:10A4800045F92368C01A04280ED905F03FF923685E
:10A49000C01A072808D80122474B1A70474B5B683F
:10A4A0009988186804F0F2FE8420F9F7E3F904288B
:10A4B000434E444D32D133785B072FD5022185209E
:10A4C000F9F7F8F901232B708A20F9F7D3F98046C0
:10A4D0003E20F9F7CFF907464220F9F7CBF9962845
:10A4E000A8BF962004469920F9F7C4F9A04203DAE0
:10A4F0009920F9F7BFF90446334AB845136854DA8E
:10A500009C4201DB013313601068A042C4BF00F11C
:10A51000FF301060C0B2FFF78FFF02E02B78002BF6
:10A52000D2D13E20F9F7A6F9284B0A3018804420F2
:10A53000F9F7A8F9014606F02DFA06F035FD244F8B
:10A54000244B39781870C720F9F7B4F94220F9F78D
:10A5500091F9044678B9FFF76FFF174B3C601C7008
:10A560001D4B1C601D4B1C60144B5B689988186860
:10A5700004F08EFE2C701A4BC8201988F9F79AF94E
:10A58000184BC6201978F9F795F93178CD20F9F7ED
:10A5900091F9154BC4201978F9F78CF9BDE8F04111
:10A5A000124BC5201988F9F785B9ADDD002BABDD5D
:10A5B000013BA8E784310020A5310020D8310020DC
:10A5C00091310020A13100206C3100209631002013
:10A5D00098310020903100208C31002088310020FB
:10A5E0009431002092310020A03100209E310020C3
:10A5F00038B50C46A9B900240020FFF71DFF0F4B0A
:10A600001C700F4B1C600F4B1C600F4B1C600F4BE2
:10A610005B689988186804F03BFE0D4B1C6020466F
:10A6200038BD0C4BDD68A988286804F034FE00387A
:10A6300018BF0120AB799842DDD0F0E7A5310020AA
:10A64000983100208C31002088310020D831002042
:10A65000843100202832002070470000024B036044
:10A6600000230372704700BFC031010808B5124BC8
:10A670001868998804F00CFE1048F7F735F942F293
:10A68000283300BF013BFCD101220D484FF48071FB
:10A6900002700822C3600374C0E90112FCF72AFCAF
:10A6A00042F2283300BF013BFCD10348F7F71CF905
:10A6B0000248F7F719F908BD742C00206C2C002013
:10A6C000A831002070B504460E46154609B901723E
:10A6D00070BD037A1BB9FFF7C9FF01232372364C03
:10A6E0002378072BF4D8DFE803F004171E3843481B
:10A6F00050593248F7F7F8F83148F7F7F5F80123E1
:10A70000304A137040F2216353602F4B9360002353
:10A71000D360137410461AE002232A4A13702B4B9D
:10A7200053600823F2E70222264B1A70284A5A6027
:10A7300040F205221A812DB1852241F66415564357
:10A74000B6FBF5F500221F489D72DA729A81FCF77C
:10A75000D1FB237801332370BAE70223194A13701F
:10A760001C4B1D4D53601D4BC2E902536023D0E7C3
:10A770000223144A1370154BF3E70223114A137096
:10A78000174B536001231381C4E702230D4A154878
:10A79000137042F60353C2E90103BBE70223094ADF
:10A7A0001049137041F603131046C2E90113FCF778
:10A7B000A1FB0023CFE700BFA6310020742C0020AE
:10A7C0006C2C0020A83100200800400060E0FF133E
:10A7D0009900721040C02C10080101CF0F005146A3
:10A7E00040202410CB4027100020704701207047E4
:10A7F000B220F9F755B8000010B5FEF7D3FBC0231F
:10A8000002220321054804F001FDBDE810400123A8
:10A8100002220321024804F0F9BC00BF00080140F5
:10A82000000C014040F2EE2388B2984238BF18462F
:10A8300041F64C53984228BF1846FEF7CDBB0000A6
:10A8400038B505460846094906F0ACF90446E868FB
:10A8500006F054F9214606F0A5F906F0A5FBBDE87F
:10A86000384002460421024805F0A2B90000204108
:10A870000004004038B5054608460B4906F092F939
:10A880000A4906F087F80446E86806F037F92146D9
:10A8900006F088F906F088FBBDE838400246022140
:10A8A000034805F085B900BF00002041CDCC4C3EE7
:10A8B0000004004038B504460A480D46F9F7AEFEDC
:10A8C000A0F282534E2B09D96FF4387318444E28E6
:10A8D00006D9237A2B700120237238BD0123F9E7B2
:10A8E0000323F7E7D82C002010B504461448F9F7E5
:10A8F00095FE6FF4D863C3184E2B124A19D9A0F6EF
:10A900007E234E2B17D9A0F53D634E2B15D9A0F60B
:10A9100043334E2B08D81368A3F575734E2B9EBF97
:10A92000637D83F00103637500231060607D18432D
:10A9300010BD0823F9E70423F7E70223F5E700BF7A
:10A94000DC2C0020C4310020F8B504461A48F9F781
:10A9500065FEA0F26D434E2B0546184F04D8184BE8
:10A96000236120693D60F8BDA5F236234E2B206996
:10A970000FD83B68312BF4DC124906F00BF8124972
:10A98000064606F0ADFA08B1304600E00E482061F8
:10A99000E7E7A5F5E5734E2BE3D83B68312BE0DC08
:10A9A000084905F0F5FF0021064606F0B7FA002831
:10A9B000EAD10020EBE700BFD82C0020C0310020F6
:10A9C00000004842AE4785410000C84210B5044629
:10A9D0000948F9F723FE6FF4BF73C3184E2B074ADB
:10A9E00006D81368312BDEBF237D83F00103237566
:10A9F0001060207D10BD00BFD82C0020BC3100208D
:10AA0000034B03600223037242F21073C36070476A
:10AA1000143201082DE9F04162251E4B1E4C1F4ED9
:10AA2000C4E90633C4E90033C4E90233C4E904339A
:10AA3000C6E90833C6E90A33194F3363284657F885
:10AA4000048BF8F717FF0135EDB26A2D46F8208028
:10AA5000F4D12846F8F70EFF124B44F820306B2053
:10AA6000F8F708FF104B44F820306C20F8F702FF8D
:10AA70000E4B44F820306D20F8F7FCFE0C4B44F8E8
:10AA800020306E20F8F7F6FE0A4B44F82030BDE87F
:10AA9000F08100BFC42B002028320020D8310020D4
:10AAA00054320108CC2B0020C42C00202C2C002078
:10AAB000242C00201C2C002010B50C4B0C4C6F20BB
:10AAC000C4E90033C4E90233F8F7D4FE094B44F873
:10AAD00020307020F8F7CEFE074B44F8203071206C
:10AAE000F8F7C8FE002344F8203010BDCC2C00201D
:10AAF000C8310020DC2C0020D82C00200346014463
:10AB0000002010B5044C8B4200D110BD13F8012B6E
:10AB10004240A05CF7E700BF3924002010B504468E
:10AB200000224FF40071FCF718FB00224FF404716F
:10AB30002046FCF712FB2046BDE8104000224FF4EF
:10AB40000871FCF70ABB0000437882781B0243EAD5
:10AB5000024302781343024A43F31703136070471A
:10AB60004C320020437882781B0243EA0243027889
:10AB70001343044A43F317039342DCBF024A1360B2
:10AB8000704700BFBF270900483200204378827811
:10AB90001B0243EA024302781343044A43F31703B8
:10ABA0009342DCBF024A1360704700BFBF27090011
:10ABB000443200200346B3F5047F084607D0B3F5BE
:10ABC000087F06D0B3F5007F05D1FFF7BDBFFFF7C3
:10ABD000C9BFFFF7DBBF70476FF48073F0B5002586
:10ABE0000C4685B002930B6800954FF440715F6886
:10ABF00002AA042306462046B8471B4A1B4813787E
:10AC000003958DF8083003781901013341F00101F3
:10AC1000DBB20F2B28BF2B468DF80910FF210370E4
:10AC2000ADF80A10042E05D8DFE806F0031C19035E
:10AC30001C00157008210DEB0100FFF75FFF0022DB
:10AC40000B4B8DF80B001870236800925D684FF471
:10AC500080710423204602AAA84705B0F0BDA623B0
:10AC60001370E7E7AA23FBE74132002042320020BD
:10AC70004032002038B50C460546084603F030FB4C
:10AC8000002240F2796120466C60FCF766FA686841
:10AC90000022BDE838404FF46471FCF75EBA000052
:10ACA00038B504200D461446F8F7E4FD04280CD806
:10ACB000DFE800F0030803080800054B1B7804EAEE
:10ACC000030038BD05EA0400FBE70020F9E700BFF8
:10ACD00051320020002008B5F8F7CCFD012801D042
:10ACE00003F074FC084B187805F03AFB074B002280
:10ACF00005F0CAFC05F0F8FD06F030F9BDE80840A3
:10AD00000146C120F8F7D6BD5032002000000240B5
:10AD100040F27963994210B5144605D1012188208B
:10AD2000BDE81040F8F7C6BDB1F5647F1ED1D378F9
:10AD3000C3F3C103012B14D16E21D820F8F7BAFD5B
:10AD40006FF488710A4BA279C2201A70637903F0FC
:10AD50000F03194101F00101064B81F00101197047
:10AD6000DEE7022B0CBFE6210021E6E710BD00BFA5
:10AD70005032002051320020842008B5F8F77AFDC7
:10AD8000012804D0BDE80840002003F0D3BA08BD74
:10AD9000024B1A70024B1878704700BF58320020DF
:10ADA000593200204160002208464FF48471FCF7BC
:10ADB000D4B90000F0B5044685B08A20F8F75AFDF2
:10ADC0001F4F204E38803E20F8F754FD30803F2042
:10ADD000F8F750FD1C4D28809920F8F74BFD3A8874
:10ADE0002B88504380B2984228BF18462880B0FB79
:10ADF000F2F0C0B22D2828BF2D20002533888DF811
:10AE00000B008DF809301B0A8DF80A300F4B932088
:10AE10001B788DF808508DF80D30F8F72BFD8DF864
:10AE20000E0060688DF80F50036800955C68082379
:10AE30004FF481710DEB0302A04705B0F0BD00BFD8
:10AE40005632002054320020523200205832002066
:10AE500040F20913994209D15379052B03D10122FC
:10AE6000034B1A7070470BB9014A1370704700BF4B
:10AE70005932002070B514460E4DA2B10E4B0F4E44
:10AE80009C68A188206804F006FAA379002818BFFE
:10AE900083F001033370AB689988186804F0F6F901
:10AEA0003478204670BDAB689988186804F0F0F9D2
:10AEB000F7E700BFD8310020283200205A320020A6
:10AEC0000022BB21FCF749B938B5437882781B09C9
:10AED00043EA02130F4A13F4006F13806FEA4352E0
:10AEE0006FEA525218BF134604790B4A054640795F
:10AEF0001380230943EA001005F000FE074B2402EB
:10AF00001860E87804F47064204305F0F7FD044B02
:10AF1000186038BD5C3200206832002064320020A6
:10AF200060320020BB2802D10846FFF7CDBF704732
:10AF30007FB505466C46124B03F110062246186891
:10AF40005968083303C2B3421446F7D16B78012124
:10AF500003F00F0310336B4413F8102CFF23094840
:10AF6000082905D06C5C01316340DBB2C35CF7E7B4
:10AF70005340DBB2C05C80F0FF0004B070BD00BF86
:10AF8000742B0108183301082DE9FF41274D0646AF
:10AF90002B780C460133DBB2642B2B700CD10027CD
:10AFA0000B680097D3F80480204602232049ADF8AF
:10AFB000087002AAC0472F7028220023ADF80A208B
:10AFC0004FF018521B4D8DF808302B78022E8DF85B
:10AFD000093003921CD0042E22D0012E20D002A8CA
:10AFE000FFF7A6FF0022236800925E6808238DF811
:10AFF00008000DEB0302BA212046B0472B7801333D
:10B00000DBB2102B28BF00232B7004B0BDE8F08109
:10B01000292243F010038DF80A208DF80930DEE76D
:10B02000292243F050038DF80A20F6E75F32002012
:10B0300019DAFF1B5E32002010B504460022616061
:10B04000084640F2F141FCF788F860680022BDE84C
:10B05000104040F2F541FCF780B8836810B5002B32
:10B0600004460ADD0620F8F705FC032807D1E0684E
:10B070000028D4BF0020012010BD0020FCE70120E3
:10B08000FAE7836810B5002BC4BF03F1FF33836078
:10B09000C3680446002BC4BF03F1FF33C3600368D9
:10B0A0009B68984705F05AFF01469920F8F702FC83
:10B0B0002046FFF7D2FF88B19420216AF8F708FCF8
:10B0C0009520616AF8F704FCA16A9720F8F700FC64
:10B0D000E16A9820BDE81040F8F7FABB00219420FF
:10B0E000F8F7F6FB00219520F8F7F2FB00219720F6
:10B0F000F8F7EEFB0021ECE738B50446FFF7ADFFAB
:10B1000008B9002038BD4D20656AF8F7BBFB014641
:10B11000284605F003FF0028F3D14C20256AF8F7F4
:10B12000B1FB0146284605F0DBFE0028E9D14F209F
:10B13000E56AF8F7A7FB0146284605F0EFFE002870
:10B14000DFD14E20A46AF8F79DFB0146204605F0AA
:10B15000C7FEB0FA80F04009D4E7000008B5FFF759
:10B16000CBFF08B1014808BD0020FCE700381C46B1
:10B1700038B5084605F0C2FC04460D4905F012FD3D
:10B18000214605F00FFD0B490546204605F00AFD56
:10B190000146284605F0FCFB074905F0FBFB04F0DF
:10B1A00017FE064905F0FEFC054905F0F3FB38BD26
:10B1B000033115332873863AAEAB2B408B39F4C17B
:10B1C000495EBF420000000040F2F143994270B571
:10B1D000044650D040F2F54399424BD101251188E5
:10B1E00004EB450349BA998251884B2049BA198228
:10B1F0009188023549BA9983D28852BA1A83F8F7EE
:10B2000039FB0A23584344F825000620F8F732FB9F
:10B210000328238AA68A258B2FD1608A984288BF6B
:10B22000184605F09DF824A3D3E9002305F02CFA75
:10B2300005F05AFB2062E08AB04238BF304605F084
:10B240008FF81DA3D3E9002305F01EFA05F04CFB8F
:10B25000618B6062A94238BF29462046FFF788FF0C
:10B26000A18BE38BA062994228BF19462046FFF7C5
:10B270007FFFE06270BD0025B1E7184605F070F869
:10B280000DA3D3E9002305F0FFF905F02DFB2062A3
:10B29000304605F065F808A3D3E9002305F0F4F97A
:10B2A00005F022FB294660622046FFF761FFA18B73
:10B2B000A062DBE7AFF30080000000008099C94086
:10B2C00010B5044600226160084640F27331FBF776
:10B2D00044FF002240F251316068FBF73EFF00223C
:10B2E00040F256316068FBF738FF60680022BDE825
:10B2F000104040F25531FBF730BF00000000000065
:10B3000040F2733399422DE9F041044615462BD1A2
:10B310004B20F8F7AFFA0A235843E060288805F07D
:10B320001FF800222E4B05F0AFF905F0DDFAB5F855
:10B330000280AF88EE882061404605F011F80022B7
:10B34000274B05F0A1F905F0CFFA6FF4887360611F
:10B35000F81805F0D3FB6FF48872A061B01805F0FF
:10B36000CDFBE061BDE8F08140F2513399420BD151
:10B37000508804F0F5FF16A3D3E9002305F05AF82E
:10B3800005F06AFAA060EDE740F25633994213D116
:10B39000108804F0E5FF10A3D3E9002305F04AF874
:10B3A00005F0A2FAE062B5F9020005F0A7FB0D492D
:10B3B00005F0F8FB6062D5E740F255339942D1D1F0
:10B3C000108805F09BFB2062CCE700BFAFF3008044
:10B3D0009A9999999999B93F7B14AE47E17A843F3C
:10B3E00000408F40CDCCCC3DC36810B5002BC4BF0E
:10B3F00003F1FF33C360036804469B68984705F078
:10B40000ADFD01469920F8F755FA94202169F8F727
:10B410005FFA95206169F8F75BFA9720A169F8F760
:10B4200057FA9820E169F8F753FA0720F8F722FA5B
:10B43000D8B98B20E16AF8F74BFA0C49E06A05F0BD
:10B44000A7FA01463920F8F743FAE368002B05DD37
:10B450009020616ABDE81040F8F73ABA00219020C8
:10B46000F8F736FA39200249F4E710BD0000F04140
:10B4700000007A4438B5C3680446002B01DC002084
:10B4800038BD45694D20F8F7FDF90146284605F01D
:10B4900045FD0028F3D14C202569F8F7F3F9014662
:10B4A000284605F01DFD0028E9D14F20E569F8F791
:10B4B000E9F90146284605F031FD0028DFD14E208C
:10B4C000A569F8F7DFF90146284605F009FD0028CF
:10B4D000D5D1A0680028D4BF00200120D0E710B546
:10B4E0000446FFF7C7FF18B1A06805F007FB10BDC1
:10B4F0000020FCE770B5064604200C461546F8F718
:10B50000B9F904281AD8DFE800F0031B121B1B004E
:10B510000E4A2DB124B1137873B90120707570BD36
:10B5200000234FF496711370094A118005E0094B0E
:10B530001B780BB1002CF0D1002373750020EEE7CF
:10B54000002CF9D0002DE8D1F6E700BF6A320020C8
:10B550003A2500209032002038B504460D460846B2
:10B5600002F068F9002240F2773128466560FBF767
:10B57000F4FD002240F289316068FBF7EEFD60685F
:10B580000022BDE8384040F28A31FBF7E6BD0000FA
:10B5900030B5044685B08420F8F76CF904285DD1F5
:10B5A000324B334A1B78002B50D11388002B49D0E3
:10B5B000013B13803E20F8F75DF900EB800040006E
:10B5C000A0818A20F8F756F9E081607D00B1012062
:10B5D00002F08AF9A38960685BBAADF80830237D70
:10B5E00040F286218DF80A30002303938DF80B304A
:10B5F00002680093082355680DEB0302A847637D9A
:10B6000053B33E20E589F8F735F98542B8BF237D6D
:10B610004FF03E00BCBF01332375E589F8F72AF9E6
:10B620008542A8BF237D4FF00102A4BF03F1FF3381
:10B630002375237D772B84BF782323750D4B1A70D8
:10B6400005B030BD01220C4B1A70B3E74FF496736E
:10B6500013800022084BF7E72375F1E70020054B24
:10B66000187005B0BDE8304002F03EB990320020BD
:10B670003A2500206B3200206A32002000000000D2
:10B6800070B506460088184C40BA80B204F068FED7
:10B6900011A3D3E9002304F0CDFE05F025F9134BE7
:10B6A00005461860708840BA80B204F059FE0CA3B9
:10B6B000D3E9002304F0BEFE05F016F92946206008
:10B6C000D520F8F705F92168D620BDE87040F8F7D5
:10B6D000FFB800BFAFF300807B14AE47E17A843F30
:10B6E0009A9999999999B93F703200207432002043
:10B6F000F8B50446407805F0FDF91F4B0746186081
:10B70000A07904F02DFE1AA3D3E9002304F092FEE1
:10B7100005F0EAF8194E1A4D3060A07804F020FECA
:10B7200013A3D3E9002304F085FE05F0DDF8154BE3
:10B73000394618602378D8205B002B80F8F7C8F8CA
:10B74000D9203168F8F7C4F80720F8F793F860B902
:10B75000F8F790F8012808D0288805F0CBF9BDE863
:10B76000F84001468A20F8F7B3B8F8BDAFF300807F
:10B770009A9999999999B93F803200207C3200209A
:10B780006C3200207832002038B5144B0279044620
:10B790001A70C278124B80781A70400005F0AEF92A
:10B7A000104B186020782D3805F0A8F90E4B05468F
:10B7B000186060782D3805F0A1F90C4B044601465D
:10B7C0001860284605F0AAFB28B12946BDE8384094
:10B7D000D720F8F77DB82146F8E700BF9132002066
:10B7E000903200208C3200208832002084320020E9
:10B7F00040F289339942104609D040F28A33994287
:10B8000007D040F27733994205D1FFF739BFFFF7F0
:10B810006FBFFFF7B9BF704701600022084640F2D2
:10B82000DF71FBF79ABC00007FB540F2DF739942ED
:10B830000446154607D15378042B37D005D8012B81
:10B840003AD0032B21D004B070BD2A2BFBD10723A3
:10B85000D6788DF80830937806EB0326B0B2F8F767
:10B860005BF8F02800F089806A23B0B28DF80930C7
:10B87000F8F752F8F7F7F8FFAB7800BA8DF80A300E
:10B88000EB7803908DF80B3014E044F20233ADF8FE
:10B89000083000238DF80A30009308234FF4FD612F
:10B8A00020680DEB0302F9F7AFFBCCE74FF48843B8
:10B8B000ADF808300023EFE741238DF80930937885
:10B8C0000D2BC0D801A252F823F000BF05B9000823
:10B8D00019B9000847B8000847B8000847B8000879
:10B8E0004DB9000847B8000847B8000847B8000835
:10B8F00047B8000847B8000847B800082FB9000843
:10B9000067B9000806238DF808304FF40063ADF8DE
:10B910000A3018230393CDE705238DF8083001235F
:10B92000ADF80A304FF60773ADF80C30C2E70423C8
:10B930008DF808300C23A0208DF80A30F7F79AFF15
:10B94000030A8DF80B308DF80C00B3E703238DF854
:10B9500008300523AA208DF80A30F7F78BFF28302E
:10B960008DF80B00A6E703238DF808300D23A120E6
:10B970008DF80A30F7F77EFFF2E7014B029399E763
:10B98000037F22310020704710B50446017C00225D
:10B9900001F5C0618068FBF7E0FB617C3F2907D8B7
:10B9A000A0680022BDE8104001F5B061FBF7D5BBEF
:10B9B00010BD036E9BB14FF47A730366826DC36D45
:10B9C0009A4202D1036E002BF8DC836D5A1C03F0FF
:10B9D0003F030344826519764FF0FF33436170479C
:10B9E000A0F10400FFF7E5BF13B50024036800943D
:10B9F0005C680823A04702B010BD000038B50446BB
:10BA0000144B084623601833C4E901314FF6017323
:10BA1000402123820023A365E1654FF47A71154626
:10BA2000E26021664FF0FF32F021C4E91A23C4E935
:10BA30001C3384F87830E367626184F8641021462F
:10BA4000FBF77CFB2046FFF79FFF034B20461D6062
:10BA500038BD00BF8834010894320020017480682A
:10BA6000FBF798BB13B5ADF801309DF810300446D4
:10BA70008DF80330059B8DF800100193437C9342B1
:10BA800003D042748068FBF785FB0023617C6A4623
:10BA9000A06884F8783001F5C061FFF7A5FF02B017
:10BAA00010BD036E002BC2BF036E5B1A0366036EEC
:10BAB000002BBCBF00230366704708B50A46017C13
:10BAC000806801F5B061FFF78FFF08BD2DE9FF41E8
:10BAD000CE78B1F80120731EC3F34703002E18BFC0
:10BAE0001E460C4603AB0093C2F3C018334607460C
:10BAF0004146C06802F03F02FBF755FC237805463B
:10BB0000402B2ED108B30079F7F716FFE37823B95D
:10BB1000039B63604323237020E0DB0708D595F97E
:10BB20000830EA791B0643EA0243028B1343F0E72D
:10BB30001549286805F036F805F010FA95F9063031
:10BB400020F07F4040EA0363E3E780232370002373
:10BB5000237163710223A3710623E37104B0BDE86E
:10BB6000F081232BF1D10028EFD06368002BECD1BA
:10BB7000B4F8012033464146F86802F03F02FBF773
:10BB800055FB6023C7E700BF00007A442DE9F0436E
:10BB90000B780446232B0D46914685B00DD1CB780A
:10BBA000DBB94B68B3F1005F04D323F00052B2F568
:10BBB000006F05D2A36660232B7005B0BDE8F0834B
:10BBC0004FF0FF33836680232B7000232B716B7142
:10BBD0000223AB710623EB71EFE7876E7A1C14D05A
:10BBE000012B12D1486880B2F7F796FEA4F87000D6
:10BBF0006B68EE28C3F3054384F873306B684FEA33
:10BC0000236384F87430DED8D5E794F97480B8F1F2
:10BC1000000FD8D0022BD6D16E6846F3170004F07F
:10BC20006DFF124905F072F884463616E06694F806
:10BC30007010E06894F8733084F872603A460296A7
:10BC4000CDF804C0CDF80080B9F1000F0AD0FBF7A1
:10BC50001FFE002384F874304FF0FF330028A366E2
:10BC6000A9DAB0E7FBF7FBFDF3E700BF00007A4479
:10BC7000F8B50A78054602F06003602B0C4621D126
:10BC8000012302F010020A70EA6DA96D521A402ACF
:10BC90000AD0EA6D511C02F03F02E9652A44127E87
:10BCA000E2540133082BEFD1EA6DA96D521A402AF4
:10BCB0002FD12278C3F1080342EA430343F0010382
:10BCC000237026E0B1F80130B3F5005F15D003F41E
:10BCD0007F46B6F5045F32D1C8781B029BB2184488
:10BCE000F7F71AFEEE2823D82378232B19D16168A1
:10BCF000F7F7A2FD18B96023E2E7C878F2E78023DE
:10BD0000237030232371002363710923A371062359
:10BD1000E371297C2246A86801F5B061FFF764FE53
:10BD2000F8BD402BF5D1F7F79FFD43236060C7E7CF
:10BD3000802323700023237163710223E6E7B3F5A8
:10BD4000085F11D1C878F7F7E7FDEE28F0D823781F
:10BD5000232B04D16168C9B2F7F708FECBE7402B6B
:10BD6000D7D1F7F719FEE0E7C76897B1B3F5405FA1
:10BD700003D10022FFF70AFFCBE743F20107BB42E2
:10BD800001D10122F6E7B6F5445F02D1FFF79EFE2E
:10BD9000BFE745F203018B4205D1402AC8D1E078C4
:10BDA000FBF7D4FFC1E745F204018B4205D1402ADD
:10BDB000BED1E078FBF7D8FFB7E745F201018B422F
:10BDC00012D1402AA5D14FF0FF3341212371637175
:10BDD000217000234FF47A71A371E3712966AB657A
:10BDE000EA65E3786B6194E7204600F05BF890E742
:10BDF000F7B5037C044603F5C0638B42154611D1A9
:10BE0000036811469B689847294628B1204603B02D
:10BE1000BDE8F040FFF751BE204603B0BDE8F0405A
:10BE2000FFF726BF467C06F5B0638B4221D1B2F8FE
:10BE30000170A7F54053012B13D8D378DBB990F9E3
:10BE4000741090F87330090641EA0341B0F870307D
:10BE50003246194301230191009323213B46FFF70A
:10BE600001FE2B78803B18BF012384F878306B6883
:10BE7000E36703B0F0BD012BF3D10949C06E04F0B4
:10BE800091FE05F06BF894F97230324640EA036097
:10BE900002230190009323213B462046DFE700BFA9
:10BEA00000007A44B0F8013010B5B3F5A04F044655
:10BEB0001CD10378402B56D143230370C378032B46
:10BEC00051D8DFE803F002070B0F2B4BD3F8E8370C
:10BED000636010BD284BD3F8EC37F9E7264BD3F855
:10BEE000F037F5E7F7F766FD6060F2E745F202022A
:10BEF000934238D10378232B35D160230370C37864
:10BF0000062B30D8DFE803F0041922242F2F270056
:10BF10001A4B1B784BB172B6194B186808B1FBF776
:10BF200099FDFBF747FE62B6D3E7802203714371A8
:10BF3000837108230270E371CBE772B6FBF79EFEB4
:10BF400062B6BDE81040EF20F6F78ABB03F014FF9D
:10BF5000F7F7FAFCF5E70A4B18680028B9D0BDE8F6
:10BF60001040FBF73FBB80232370002323716371D4
:10BF70000223A3710623DEE700F0FF1F3C2500200B
:10BF80009432002070478160002208464FF404710B
:10BF9000FBF7E3B800000000B1F5047F10B51446CC
:10BFA00027D1507904F0DCF913A3D3E9002304F07E
:10BFB00041FA04F099FC0146D520F7F789FC207975
:10BFC00004F098FD0146D620F7F782FCA07804F033
:10BFD000C7F900220A4B04F02DFA0022094B04F0A5
:10BFE00071F804F081FCBDE810400146D720F7F756
:10BFF0006FBC10BDAFF300809A9999999999B93F98
:10C000000000E03F000044407FB504468420F7F77D
:10C0100031FC012801D0042816D1237B0133DBB287
:10C02000052B237310D1002540F21573A068ADF8DD
:10C0300008308DF80A50036800955E684FF47671F9
:10C04000032302AAB047257304B070BD7047704740
:10C0500010B504464160FCF7A5FF60680022BDE80A
:10C06000104040F25311FBF778B840F2EE2388B24B
:10C07000984238BF184641F64C53984228BF18469C
:10C08000FCF7AABFB220F7F70BBC000010B5064CB6
:10C09000A188206803F0FFF8A37900280CBF184698
:10C0A00083F0010010BD00BFD42B002008B540F282
:10C0B000531399420FD1B2F80100A0F5B07004F00B
:10C0C0001DFD4FF0765104F06DFDBDE808400146BE
:10C0D000A120F7F7FDBB08BD08B5BD20F7F7CAFBE7
:10C0E00018B9BDE80840FCF777BF08BD1FB5462367
:10C0F000ADF80C30002340688DF80E3002680093D4
:10C100005468032340F23B4103AAA04704B010BD8A
:10C110001FB5E9B101291DD001310CBF0723082348
:10C1200081228DF809304FF6FF738DF80820002228
:10C13000ADF80A30084B40680393036800925C68CE
:10C14000082340F23F410DEB0302A04704B010BDAD
:10C150000623E5E70523E3E70080FFFF38B50E4C33
:10C160000546A188206803F096F8003818BF012022
:10C17000A37998420FD02846FFF7B8FF0320F7F7BE
:10C180008FFB40B1A820F7F775FB41B22846BDE808
:10C190003840FFF7BDBF38BDD42B00207047037A6D
:10C1A00001200B707047000040F297139942F0B5E0
:10C1B00096462DD100239EF802C02D4A2D4F2E4EBB
:10C1C0002E4D2F492F4C3048BCF14E0F13703B7051
:10C1D00033702B700B702370037032D01FD8BCF1FA
:10C1E0002E0F2BD015D8BCF10E0F2DD0BCF11E0F89
:10C1F00021D09EF80330C02B32D0D52B08D1234A52
:10C2000013780133DBB2022B137001D901230B70B9
:10C21000F0BDBCF13E0FECD101233370E9E7BCF176
:10C220006E0F1AD0BCF17E0F12D0BCF15E0FE0D1C0
:10C2300001230370DDE701231370DAE701233B706C
:10C24000D7E701232B70D4E7114A1370114AF3E7A3
:10C250000120104A1070104AEEE701232370C8E74E
:10C2600000230A4A0B7013700C4A1370D0E700BF0A
:10C27000A7320020A6320020A5320020A4320020E0
:10C28000A1320020A2320020A33200209C320020E4
:10C290009F320020A03200209D3200209E320020DC
:10C2A000002305490830DAB28A5C0133B3F5807F98
:10C2B00000F8012FF7D170473035010810B504465A
:10C2C00000226160084640F25E51FAF746FF002204
:10C2D00040F25E616068FAF740FF6068002240F259
:10C2E0009711FAF73AFF2046BDE81040FFF7D8BF94
:10C2F00070B500249DF81050954202DB84EA0300DB
:10C3000070BD4E5D013574400444647AF4E700006A
:10C3100010B54C4B1A78602A23D006D8202A00F09A
:10C320008380402A3ED0CAB110BD802A53D0812AD2
:10C33000FAD1454A1278002A5AD180221A70032372
:10C340000372424B1B78002B60D0414A1378002BBC
:10C350005CD140490B8801330B8021E060221A70C8
:10C36000E2E73D4A11780029DED13C49097829B13C
:10C3700040211970012303721370D5E738490978F9
:10C3800021B1802119700323037209E0354A127824
:10C39000002AC9D0344A11780029C5D1202119704A
:10C3A0000123E9E72E4A12784AB12B4A127832B9B2
:10C3B00060221A70022301220372274BCFE7294A19
:10C3C0001278002AB0D0284A11780029ACD1202454
:10C3D00001721C70E4E7254A12781AB11E4A1278DD
:10C3E000002AE5D0184A1278002AE8D08122B6E760
:10C3F0001C4A1278002AA4D01B4A11780029A0D127
:10C4000020241C700123017213709AE7184B1B78CB
:10C41000002B89D00E4A1378002B85D10D490B884B
:10C42000002B81D0013B97E70E4A1278002A3FF497
:10C430007BAF0D4A117800297FF476AF6021197027
:10C440000223A1E7AB320020A0320020A23200205C
:10C450009D3200209A3200209F320020A632002018
:10C46000A4320020A13200209E320020A7320020FA
:10C47000A33200202DE9FF412D4B054693F9002002
:10C480002C4B002A48D160221A702B4F002497F9B8
:10C4900000202A4E012A1CBF20221A701B783278F5
:10C4A0008DF80A30264B02A91B888DF809208DF8DB
:10C4B0000C30012305220093284670238DF80B4091
:10C4C000FFF716FF8DF80800686803680094D3F83A
:10C4D000048013460A4640F2FD31C047337868684D
:10C4E0000133DBB20F2B08BF2346337097F90030BE
:10C4F0008DF80940012B4FF0FF3318BF00238DF852
:10C500000830036800945C6840F20221022302AA0A
:10C51000A04704B0BDE8F081511C01D14022B3E72F
:10C52000012A01D18022AFE7022AAED12022ABE757
:10C53000A9320020AA320020A83200209832002020
:10C540009A32002010B50446BD20F7F793F90F4A40
:10C55000C8B9137843B1013BDBB2137023B1204655
:10C56000FFF7D6FEFFF786FFA820F7F783F9084B01
:10C5700018708420F7F77EF9064B40B2187008B99E
:10C580000223237210BD14231370E8E73D25002019
:10C59000A9320020A8320020704700207047000018
:10C5A000024B1970024B1878704700BFAF32002061
:10C5B000B132002041600022084640F25731FAF7BC
:10C5C000CCBD00001FB5104A13780133DBB2022B3B
:10C5D00002D0137004B010BD002313700B4A4068E2
:10C5E00012780393C2F102028DF80930ADF80A30D7
:10C5F0008DF8082002680093082354684FF45671A0
:10C600000DEB0302A047E5E7AD320020AF3200207A
:10C610002DE9704383784178314D01EB0321C378D4
:10C62000304C314E2B70037989B2C1203370218098
:10C63000F7F740F92188C020F7F73CF94620F7F7D3
:10C6400019F9248844434720F7F714F903F088FECA
:10C6500021A3D3E9002303F0EDFE8046A0B2894672
:10C6600003F07EFE02460B464046494603F0E2FEDA
:10C6700004F01AF981B23F20F7F71CF930782A78D4
:10C68000831E012B14D99AB913461146174C032A5D
:10C6900021700CBF01240024154E164D3470164C29
:10C6A0002B70237007D10223237003280BD104E0E1
:10C6B00001231946EAE7072AF7D104232B70032345
:10C6C000237000233370C220F7F7F4F82178C320D9
:10C6D000BDE87043F7F7EEB87B14AE47E17A843FCC
:10C6E000B3320020B4320020B2320020B032002039
:10C6F000B1320020AC320020AE32002040F257337D
:10C70000994202D11046FFF783BF7047104621B10E
:10C7100022B10122024B1A7070470846704700BFD1
:10C72000BE3200204160002208460149FAF715BDDB
:10C73000E550FF18F0B5274B04461B7885B0002B59
:10C740003BD08A20F7F796F8234F244E38803E20BE
:10C75000F7F790F830803F20F7F78CF8204D2880CD
:10C760009920F7F787F880B2B0F57A7F88BF42F654
:10C77000E0603A881B4B9CBF504380B218802B88E6
:10C780000A21834228BF03462B80B3FBF2F3328891
:10C7900001FB02F0594303EB83035B008DF80B3080
:10C7A000002302EB82020012520009128DF80800E9
:10C7B0008DF809208DF80A100393002260680A4959
:10C7C000036800925C6808230DEB0302A04705B0E4
:10C7D000F0BD00BFBE320020BC320020BA320020C3
:10C7E000B8320020B6320020F4E50618704708B5CC
:10C7F000B0F9160004F082F908BD08B5B0F91000D0
:10C8000004F07CF908BD08B5B0F9140004F076F91D
:10C8100008BD08B5B0F9120004F070F908BD007E3B
:10C82000704738B504460D46084601F003F800226B
:10C8300040F2892128466560FAF78FFC002240F219
:10C8400099216068FAF789FC60680022BDE83840E9
:10C8500040F23371FAF781BC70B5044623200E46CE
:10C86000F7F708F80B490546304604F09BF90146F6
:10C870005DB9094904F08EF804F096FBE0610146C9
:10C88000BDE87040A220F7F715B8034804F080F81F
:10C89000F2E700BF0000A04100401C4640F299238F
:10C8A000994215D040F2337399421AD040F289234D
:10C8B000994219D19178D37843EA0123A3F59C4397
:10C8C000203B43821179537903EB01238382704724
:10C8D000537812791344503B03EBD3735B100382FC
:10C8E00070471378283BC38270471FB5037A013322
:10C8F000DBB2052B02D0037204B010BDC369002166
:10C900001ABA6FF30F02029242F21072934214BFEE
:10C910004FF440330B460172406803930368009163
:10C920005C68082340F287210DEB0302A047E3E790
:10C9300070B505468AB08420F6F79CFF01281DD10A
:10C94000002430236868CDE90234036800945E68EF
:10C95000082340F271310DEB0302B0474FF07452DF
:10C960004FF404136868CDE90223036800945C68FF
:10C97000082340F286210DEB0302A0470AB070BDE8
:10C98000014B0360704700BF9436010870B5042363
:10C9900005460C46164628680268A24203D01430A9
:10C9A000013B2860F7D1038A02220321C06802F00C
:10C9B0002DFC28680122438A0021C06802F026FC71
:10C9C0003146204603F012F92046082103F020F9F1
:10C9D0002046002103F025F920460C2103F02DF913
:10C9E0002046002103F023F90021204603F02BF913
:10C9F0002369204643F48043236103F03FF9204636
:10CA000003F037F92B68197A586802F027FA2B6877
:10CA1000197A586802F083FA2B68221D197A58682F
:10CA200002F0A1FA2A4652F8043B197A586802F03B
:10CA3000A3FA2B680022197A586802F045FA2B688D
:10CA40000022197A586802F033FA2B68197A58686C
:10CA500002F046FA2B68597A586802F0FFF92B6801
:10CA6000221D597A586802F07EFA2B680022597A02
:10CA7000586802F029FA2B680022597A586802F0A7
:10CA800017FA2B685868597A02F02AFA2046BDE84E
:10CA9000704003F0DEB8000038B50546094B044687
:10CAA00045F8043B002343606B60C5F80730C0F8CD
:10CAB0000F30C0F81330C0F81730FFF767FF20467B
:10CAC00038BD00BFC4360108002310B5934202DB15
:10CAD00080F0FF0010BDCC5C01332044A0F1FF04C6
:10CAE000A4B2FF2888BF2046C0B2EFE7C0F34001E0
:10CAF000C0F3C00210B54A40C0F300146240C0F356
:10CB00004013D2B29A1A5342534140EAC313C0F3BE
:10CB1000800200F0010060405140414043EA811032
:10CB2000C0B210BD2DE9F04104460F4616461D4621
:10CB3000002B49D0082B4FD803F103082368197A3A
:10CB4000586802F007FA23684246197A586802F0DA
:10CB500023FA2368597A586802F0FCF9224652F801
:10CB60000F3B597A586802F007FA23680C22597A69
:10CB7000586802F011FA552338462371FFF7B6FFC3
:10CB80002346324603F8050F71198A421FD12A46FF
:10CB90003146FFF799FF2544A87123680222197ACC
:10CBA000586802F06BF923681968CA6842F00102FC
:10CBB000CA60197A586802F0C4F92368BDE8F041E8
:10CBC000597A586802F0BDB94FF00208B6E712F87A
:10CBD000017B03F8017FD8E7BDE8F08170B5154609
:10CBE000036804460E465868597A02F0CEF9082DBB
:10CBF00015D82B1DC0F10C00834210D13046FFF731
:10CC000075FF637C83420AD104F112012A46FFF7C3
:10CC10005BFF2C44A37C1B1A5842584170BD002076
:10CC2000FCE77047F7B5284A044613780133DBB2B6
:10CC3000052B02D0137003B0F0BD0023DF2013706A
:10CC4000F6F718FE082206463021E068FFF7C6FF17
:10CC5000D8B1E568287E2F3803F050FF0146E02068
:10CC6000F6F736FE0A23A87DB0FBF3F003F046FF8B
:10CC70000146E120F6F72CFE5020AB7C584303F030
:10CC80003DFF0146E220F6F723FE104D2F7857B105
:10CC9000002330211A46E068FFF744FF2B7883F029
:10CCA00001032B70C7E75320F6F7E4FDF61B18BF0E
:10CCB000012604231C218DF804008DF80560ADF8D1
:10CCC00006700DEB0302E6E7BF3200203E25002090
:10CCD00008B5064BC1609988186802F0D9FA044B70
:10CCE00099881868BDE8084002F0D0BA642C00208A
:10CCF0005C2C0020037A01200B70704741600022F9
:10CD0000084640F21231FAF728BA000040F2123316
:10CD1000994208D1D379044903F00F030B70D378FB
:10CD2000024A1B0913707047C0320020C432002031
:10CD300010B504468420F6F79DFD08B9022323723E
:10CD40008420F6F797FD054A28B91378132B01D8EC
:10CD50000133137010BD0023FBE700BFC232002077
:10CD60001FB504468420F6F785FD274B00B91870DF
:10CD70001A78002A14BF7C235C238DF80830234BDB
:10CD80001B788DF80A3015D166217E3B8DF80B306B
:10CD90001F4B8DF80910039322720022606840F245
:10CDA000F331036800925C6808230DEB0302A0478F
:10CDB00004B010BD012A07D1242103338DF80B30B4
:10CDC0008DF80910134BE6E7022A07D12521043319
:10CDD0008DF80B308DF809100F4BDCE7032A07D1D3
:10CDE000242106338DF80B308DF809100B4BD2E758
:10CDF000072AD2D124220A338DF80B30084B8DF844
:10CE000009200393C9E700BFC4320020C1320020CB
:10CE1000FF7F0080FEFF0100FDFF0200FBFF04001A
:10CE2000F7FF080010B5104B1B78132B16D80F4CCA
:10CE300023780133DBB2022B23700FD1FFF790FF71
:10CE40000B4A0C49137809780133DBB2137031B9FE
:10CE5000022B04D1042313700023237010BD0F2B69
:10CE6000FAD10023F7E700BFC2320020C33200200E
:10CE7000C1320020C4320020037A01200B707047B9
:10CE8000416000220846E021FAF767B9E02905D1A0
:10CE90001379034A1370034A1B091370704700BFCC
:10CEA000C6320020CC320020F0B5044685B0A82060
:10CEB000F6F7E0FC05468420F6F7DCFC504E00B99E
:10CEC000307000278420ADF80870F6F7D3FC431EBD
:10CED000584258414B4B8DF80A001B78012B29D141
:10CEE00040F008008DF80A003378ADF80E7033BBBF
:10CEF000454B464A1B7843F012038DF80B30444BE8
:10CF00001B88D25C8DF80C20424AD35C8DF80D3022
:10CF100080238DF80F304FF00003237200226068E9
:10CF20002C21036800925C6808230DEB0302A047E4
:10CF300005B0F0BD002BD7D140F01000D2E7012B97
:10CF40006DB213D1304A3149127801358DF80B207A
:10CF50002F4A08BF8DF80E3012880123895C8DF8A6
:10CF60000C102D498A5C8DF80D20D6E7022B14D1C8
:10CF7000254A2649127842F001028DF80B20244AF6
:10CF80001288895C8DF80C1024498A5C8DF80D207C
:10CF90000DB98DF80E300223BFE7032B18D11A4BC1
:10CFA000012D1B7843F004038DF80B30184B1A88C1
:10CFB000164B9B5C43F00B038DF80C30184B9B5CBD
:10CFC0008DF80D3004BF0423ADF80E300323A4E721
:10CFD000072BA3D10C4B1B7843F004038DF80B30C7
:10CFE0000B4B1A88094B9B5C43F00B038DF80C30FC
:10CFF0000C4B9B5C8DF80D300823ADF80E308DE79F
:10D00000CC320020CB320020CA320020D0370108B9
:10D01000C8320020C0370108B0370108A037010826
:10D02000903701088037010808B5074B1B78132B90
:10D0300009D8FFF739FF054A138801339BB20F2B3C
:10D0400088BF0023138008BDC5320020C8320020ED
:10D050004022034B1A700122024B1A70704700BF26
:10D06000CA320020CB32002010B504468420F6F7E7
:10D0700001FC012812D1FFF7EBFF8420F6F7FAFB41
:10D0800008B9022323728420F6F7F4FB064A48B954
:10D090001378132B01D80133137010BD0022034BFA
:10D0A0001A70EAE70023F7E7C5320020CB320020F0
:10D0B00070470000014B1878704700BFE132002034
:10D0C000024B1970024B1878704700BFDF32002006
:10D0D000E232002010B5044600226160084640F2AA
:10D0E0005731FAF73AF8002240F209116068FAF76E
:10D0F00034F860680022BDE8104040F29651FAF71B
:10D100002CB810B5044603784178C82003EB012100
:10D11000F6F7D0FBA378E178C62003EB0121F6F700
:10D12000C9FB23796179C42003EB0121F6F7C2FB27
:10D13000E179A379C520BDE8104003EB0121F6F7A2
:10D14000B9BB0000000000002DE9F8438378417866
:10D15000454D01EB0321C378444C454E2B700379B8
:10D1600089B2C12033702180F6F7A4FB2188C0204A
:10D17000F6F7A0FB4620F6F77DFB248844434720C2
:10D18000F6F778FB03F0ECF835A3D3E9002303F0BE
:10D1900051F98046A0B2894603F0E2F802460B46F8
:10D1A0004046494603F046F903F07EFB81B23F203A
:10D1B000F6F780FB33782A78023BDBB2012BDFF8ED
:10D1C000B4802D4CDFF8B49000D9AAB10121032A14
:10D1D00088F80010217012D1852089F80010F6F728
:10D1E00069FB2B78042B264B0BD1012202211A70EC
:10D1F0008520F6F75FFB0AE088F800202270002106
:10D20000EAE7002299F800101A700029F0D098F887
:10D2100000301C4F3B702B78032B05D102233B7051
:10D220003378032B0AD101E0072BF9D1042388F8C6
:10D23000003003233B70002389F80030C22021789E
:10D24000F6F738FBC3203978F6F734FB23782BB197
:10D250000D4B1B8813B901220C4B1A70BDE8F883E3
:10D260007B14AE47E17A843FE4320020E6320020AE
:10D27000E3320020DC320020E0320020E2320020E5
:10D28000E1320020DD320020CE320020D0320020FA
:10D290000E4A13788BB103780D49802B0ED10120F3
:10D2A0000C4B18700B780344DBB20B700021042B7D
:10D2B000117082BF0522084B1A707047602B01D095
:10D2C0000023F2E70120054B1870F9E7D93200205E
:10D2D000D4320020D8320020D6320020D7320020AD
:10D2E00040F257339942104609D040F29653994282
:10D2F00007D040F20913994205D1FFF702BFFFF7AB
:10D3000023BFFFF7C5BF7047F8B58A20F6F7B2FA1A
:10D3100087B23E20F6F7AEFA86B24220F6F7AAFAB6
:10D32000154C85B2C420F6F7A5FA238882B2AB4229
:10D3300084BF2B462580934224BF13462280FA2BBC
:10D3400084BF00232380B74212D223880133238075
:10D350009920F6F78FFA2188884203DA9920F6F7A8
:10D3600089FA81B22180C720BDE8F840F6F7A2BA59
:10D37000EED92388013BEAE7DA3200207FB5054683
:10D380008420F6F777FA0128044605D0042803D054
:10D390002F4B1B78002B46D02E4B1B7813B1284601
:10D3A000FFF7B2FFE320F6F765FA013818BF012056
:10D3B0000826294B1A78294B42EAC012324393209F
:10D3C0001E708DF80820F6F755FA8DF809008A20AE
:10D3D000F6F750FA8DF80A008A20F6F74BFA30413A
:10D3E0008DF80B003E20F6F745FA8DF80C003E2034
:10D3F000F6F740FA30418DF80D00C720F6F73AFAFB
:10D400008DF80E00C720F6F735FA002230418DF86E
:10D410000F0068684FF45671036800925D680DEB69
:10D4200006023346A84774B90D4A1388B3F57A7FCC
:10D4300005D20749097831B10133138003E0B3F510
:10D44000966F02D9148004B070BD01490C70F3E7E7
:10D45000D0320020E1320020DF320020DE32002016
:10D46000CE3200202DE9FF418C4D04462B78052B50
:10D4700025D8DFE813F0060027004A00D5006E012A
:10D480008D01874F874E3B78B3B933782BB100239A
:10D4900033702B7801332B7011E0834A4068CDE95B
:10D4A0000223026800930823546840F216610DEBD2
:10D4B0000302A04701233B703378002BE7D104B06F
:10D4C000BDE8F081764F774E3B78D3B933784BB1D6
:10D4D00000232A78337001322A70744A1370744A18
:10D4E0001370ECE7734A4068CDE9022302680093A9
:10D4F0000823546840F216610DEB0302A047012394
:10D500003B703378002BDAD0E2E76B4F674E3A88F6
:10D51000092A7ED8317800295AD1654B187800281D
:10D5200033D00122197032705D4D2A78002AC6D19D
:10D53000624B39880293624B606803EBC10319792F
:10D540008DF80C1059798DF80D109979DB798DF8DB
:10D550000E108DF80F3003680092D3F80480082372
:10D5600040F216610DEB0302C04701232B703378A4
:10D57000022BA4D14E4B1A78002A34D000221A7004
:10D580003B88327001333B8099E7454D297800296B
:10D5900095D14C4B02934A4B13F8320003EBC20374
:10D5A0005A788DF80C008DF80D209A78DB78606839
:10D5B0008DF80E208DF80F3003680091D3F80480A9
:10D5C000082340F216610DEB0302C04701232B70C4
:10D5D0003378012BCBD1364B1A78002AA4D0022203
:10D5E000327000221A702E4D2B78002B7FF467AF1B
:10D5F000354A02924FF47A7260680392026800938F
:10D600000823546840F216610DEB0302A047012382
:10D6100041E70023224A337013703B8003233AE72B
:10D62000254F224E3A88062A00F28A803178002956
:10D6300074D11F4B187800284CD001221970327019
:10D64000174D2A78002A7FF43AAF204B398802938D
:10D650001F4B606803EBC10319798DF80C105979E1
:10D660008DF80D109979DB798DF80E108DF80F304B
:10D6700003680092D3F80480082340F216610DEB92
:10D680000302C04701232B703378022B7FF417AFBE
:10D69000074B1A78002A7FF471AF4AE0D632002097
:10D6A000D9320020D832002023003100D5320020AA
:10D6B000D732002023803100D232002023003001F5
:10D6C00044380108230030002300300223013001D8
:10D6D0000C380108324D297800297FF4F0AE314B27
:10D6E0000293314B13F8320003EBC2035A788DF8E2
:10D6F0000C008DF80D209A78DB7860688DF80E208C
:10D700008DF80F3003680091D3F80480082340F2AD
:10D7100016610DEB0302C04701232B703378012BF8
:10D72000B2D1224B1A78002A8AD00222327000220B
:10D730001A701B4D2B78002B7FF4C1AE1C4A58E7A2
:10D740000023174A33701370184A3B801370042368
:10D75000A1E6134FDFF854803B7898F8006093B946
:10D76000A6B9144B4068CDE90236036800965C68A0
:10D77000082340F216610DEB0302A047012388F84D
:10D7800000603B709BE6002E3FF499AE052382E6D5
:10D790000021482004B0BDE8F041F6F78BB800BF87
:10D7A000D9320020230130000C380108D732002084
:10D7B000230130022302500010B504464820F6F73A
:10D7C00059F8012804D12046BDE81040FFF74ABEB1
:10D7D00010BD000010B5094CA188206801F058FD6B
:10D7E0007420F6F747F881B2054802F024F8A188C2
:10D7F0002068BDE8104001F049BD00BF0C2C00209E
:10D80000003C004010B5094CA188206801F040FDA3
:10D810007520F6F72FF881B2054802F00CF8A188C0
:10D820002068BDE8104001F031BD00BF042C00208D
:10D83000003C0040084A094B117819B918600123CF
:10D84000137070471B68834204D00122044B186098
:10D85000044B1A70704700BFF1320020EC320020F8
:10D86000E8320020F032002030B5842085B0F6F791
:10D8700001F800230428CDE9023321D1154B1B7890
:10D8800013B1B6238DF80A300024134B40F28521E2
:10D890001868036800945D6808230DEB0302A8472D
:10D8A0000E4B1B7853B10E4B40F28521186803686C
:10D8B00000945C6808230DEB0302A04705B030BD5F
:10D8C0000128FBD143F61413ADF80A30054B03933E
:10D8D000DAE700BFF2320020EC320020F032002004
:10D8E000E83200208FFE0C10014B1870704700BF0B
:10D8F000F23200207047037A01200B7070474160BC
:10D90000002208464FF4C971F9F727BC10B5044648
:10D910008420F5F7AFFF40B208B90223237210BD8F
:10D92000B1F5C97F10D113680A4A23F07F439342AF
:10D930000BD002F598423D32934203D0064A9342FF
:10D9400005D070470023037270470123FBE70323D0
:10D95000F9E700BF2D0480007403800008B540790A
:10D96000800803F0CBF8054903F01CF9044903F0E3
:10D9700011F8044903F0CAF908BD00BF00002042B5
:10D980000080ED4400007A44704710B50C46002238
:10D9900040F2DB112046F9F7E0FB00224FF4EE7174
:10D9A0002046F9F7DAFB002240F25B512046F9F7F6
:10D9B000D4FB002240F2BC512046F9F7CEFB0022F6
:10D9C0004FF4B8612046F9F7C8FB002240F29E519F
:10D9D0002046F9F7C2FB00224FF4E1712046F9F727
:10D9E000BCFB2046BDE81040002240F2ED11F9F7E3
:10D9F000B4BB0023F0B518460127072B08BF00264B
:10DA00004FF0070418BFCE5C07FA04F2324214BF8D
:10DA10000122002245B202EB40006FF07A02C0B250
:10DA20004240D2B230EA250028BF1046013CEBD27A
:10DA30000133082BE1D1CB79181A18BF0120F0BDB2
:10DA4000F8B540F25B539942144600F0C78012DCEF
:10DA5000B1F5EE7F74D007DCB1F5E17F08D040F27C
:10DA6000DB1399421BD0F8BD40F2ED139942FAD175
:10DA70000222894B11E040F2BC53994200F0D3805E
:10DA8000B1F5B86F00F0E08040F29E539942EAD1C0
:10DA9000814B1A78022AE6D001221A70E3E7114678
:10DAA000FFF7A7FF0028DED1637820785B0903EB3E
:10DAB000C00003F023F87949054603F02FFA20B19E
:10DAC0002846774902F064FF05460720A678E478E7
:10DAD000F5F7D0FE0028C6D14FF07C51284603F060
:10DAE00061F80546A00900EB8600400803F006F83F
:10DAF000044629469020F5F7EBFE2046694903F0DD
:10DB0000EFF918B121468B20F5F7E2FE2046664971
:10DB100003F004FA38B16549204602F039FF0146A6
:10DB20003920F5F7D5FE2146284603F03BF8604939
:10DB300003F0ECF801468F20BDE8F840F5F7C8BEC9
:10DB40001146FFF756FF00288DD166782078B3097B
:10DB500003EB800002F0D2FF4FF07A5103F022F87D
:10DB6000A5780746300100F47C7000EB151002F038
:10DB7000C5FF4FF07A5103F015F8AD010646E07885
:10DB800005F4707505EB900002F0B8FF02F0FAFBA7
:10DB90003FA3D3E9002302F04DFC02F0A5FE444967
:10DBA00003F000F804468B20F5F76CFE0146204692
:10DBB00003F0ACF801469920F5F78AFE304603F0F1
:10DBC000CDF901469A20F5F775FE384603F0C6F9FF
:10DBD00001469B20BDE8F840F5F76CBE1146FFF703
:10DBE00008FF00287FF43FAF072026786578F5F717
:10DBF00041FE88B9A80900EB860002F07FFF02F021
:10DC0000C1FB23A3D3E9002302F014FC02F06CFE55
:10DC100001469320F5F75CFE637921799B099E20EC
:10DC200003EB8101D6E711799F204908642928BFB9
:10DC30006421F5F73FFE184B1B78002B7FF413AFE0
:10DC4000E17828399620C5E713789178124A490877
:10DC500012782839022A0CBF03F007039B09022B14
:10DC6000F0D0032B0BD0012B7FF4FDAE9820F5F7FD
:10DC700021FE2046FFF772FE014695205CE79720C3
:10DC8000F5F718FE2046FFF769FE0146942053E79A
:10DC90009A9999999999B93FF332002000C07F442D
:10DCA00000E0FF440000E143000048430000A041C1
:10DCB00000007A44704770474160FBF773B910B5B4
:10DCC00061208CB2F5F7D6FD40F2EE23A34238BFB7
:10DCD000234641F64C52934228BF1346012808BF01
:10DCE0001C466120F5F7C6FD022806D1C72C09D9CC
:10DCF00043F2C8239C4228BF1C462046BDE8104082
:10DD0000FBF76AB90024F8E710B5064CA188206833
:10DD100001F0C1FAA37900280CBF184683F0010076
:10DD200010BD00BFD42B0020B220F5F7B9BD10B54F
:10DD3000BD20F5F79FFD044648B9FBF74DF9204695
:10DD4000FBF7B4F82046BDE81040FBF7EFB8012020
:10DD5000FBF7ACF80120F6E710B50446808A02F024
:10DD6000CDFEA16B02F0D2FF10BD10B5044600221B
:10DD70006160084640F25511F9F7EFF9002240F2D0
:10DD800024416068F9F7E9F9002240F22541606812
:10DD9000F9F7E3F960680022BDE8104040F2BB717A
:10DDA000F9F7DBB90000000040F25513994270B555
:10DDB0000546144645D14B20F5F75CFD0A23584330
:10DDC0002861A08840BA80B202F098FE02F0DAFA28
:10DDD0004BA3D3E9002302F02DFB02F085FDE8629E
:10DDE000B4F8010040BAC0F30B0002F0B9FA002207
:10DDF000474B02F01FFB02F077FD03F0AFF8A0F5F0
:10DE0000FA7000B202F07AFE2863E08840BA80B26D
:10DE100002F074FE4FF07C5102F0C4FE3D4906460C
:10DE200003F05EF828B130463B4903F077F800B1C3
:10DE3000AE63237803EB8303C3EB03139B00AB8236
:10DE400070BD40F2244399421ED11079283802F067
:10DE500055FE6862E079283802F050FEA862A0788A
:10DE600002F07EFA00222D4B02F0E4FA02F01CFDD3
:10DE7000A875E07802F074FA0022284B02F0DAFA72
:10DE800002F012FDE875DBE740F225439942D7D155
:10DE90009379D0791B0203F48073184402F02EFEAC
:10DEA0001F4902F077FD1F4902F07CFEE8612079EE
:10DEB0006379C00100F4C07000EB5300643002F0DD
:10DEC0001DFE184902F06EFE2862237860781B025E
:10DED00003F48073184402F043FA0BA3D3E9002340
:10DEE00002F0A8FA02F000FD686323799B082B83F7
:10DEF000E27803EB82132B83A2E700BFAFF300802D
:10DF00007B14AE47E17A643F9A9999999999B93F00
:10DF10000000D03F0000E143000048430000E03F24
:10DF20000000C8420000204130B5036985B0002BD5
:10DF3000C4BF03F1FF33036104468420F5F79AFC64
:10DF400028B33A4B3A4A8420CDE90223F5F792FCF4
:10DF5000042804BFD9238DF80F30A3680022042BB6
:10DF6000C8BF5D236068C4BF8DF80C308DF80E30DB
:10DF7000036800925D68082340F223410DEB030221
:10DF8000A847A36801330B2BA8BF0023A3609420EC
:10DF9000E169F5F79DFC9520216AF5F799FC97203A
:10DFA000616AF5F795FC9820A16AF5F791FC91203C
:10DFB000616BF5F78DFC9320E16AF5F789FC1D494B
:10DFC000A06B02F0E5FC01463920F5F781FC8B20BF
:10DFD000A16BF5F77DFC9C20A18AF5F76BFC9A20DC
:10DFE000A17DF5F767FC9B20E17DF5F763FC218BB4
:10DFF0009D20F5F75FFC236820469B68984702F058
:10E00000ADFF01469920F5F755FC2369002B06DD8D
:10E010009020216B05B0BDE83040F5F759BC0021D8
:10E020009020F5F755FC39200349F3E7B280B2D8C8
:10E03000071D00020000F0410000FA4382727047A1
:10E0400010B50446084602F089FF607210BD38B56D
:10E050000C4605460846FFF7EDFB20466C600022A3
:10E06000BDE838404FF46671F9F777B830B5837A78
:10E07000044685B003B30025154BE020CDE90235F9
:10E08000F5F7F8FB94F9093040B25A1F904220721C
:10E0900014DAA22340F6B8318DF80A30E220F5F701
:10E0A00009FC002260684FF4C471036800925C6848
:10E0B00008230DEB0302A04705B030BD9842BBBF5B
:10E0C000322340F2DC5129468DF80A30E6E700BFE2
:10E0D0000350004D10B50446C3780179283B283918
:10E0E0008B4228BF1946E020F5F7E4FBA379092B02
:10E0F00005D10021BDE81040E120F5F7DBBB8A2007
:10E10000F5F7B8FB0146F5E7B1F5667F02D1104699
:10E11000FFF7E0BF7047704737B5284A04461378C9
:10E120000133DBB2052B02D0137003B030BD0023E6
:10E1300013211370C0680822FEF750FDF0B1E568A6
:10E14000E87D02F00DF900221D4B02F073F902F098
:10E15000CBFB0146E020F5F7BBFBE87C400002F07A
:10E16000CDFC0146E120F5F7B3FBAB7CE87C5843DE
:10E1700002F0C4FC0146E220F5F7AAFB114D2B7812
:10E1800053B1002313211A46E068FEF7CBFC2B782D
:10E1900083F001032B70C8E75320F5F76BFB4CF2BB
:10E1A0003953ADF80030084B6A4601932621082305
:10E1B0008DF802008DF80300E6E700BFF43200207E
:10E1C0000000D03F3F25002000AA780008B5064B8C
:10E1D000C1609988186801F05BF8044B9988186849
:10E1E000BDE8084001F052B8642C00205C2C0020EF
:10E1F000827270471FB54FF4C0430022CDE902235D
:10E20000837A33B140F60473ADF8083001238DF8FA
:10E210000A30002240684FF42871036800925C685D
:10E2200008230DEB0302A04704B010BD10B504464F
:10E23000084602F093FE607210BD10B5044600223D
:10E240006160084640F2B521F8F787FF6068002258
:10E25000BDE8104040F2B621F8F77FBF08B5094B82
:10E2600000791B88584302F07BF8074B002202F02C
:10E27000E1F802F039FBBDE808400146E220F5F77D
:10E2800027BB00BFF63200200000E83F10B50B4C62
:10E2900083788079238002F063F80022084B02F033
:10E2A000C9F802F021FB0146E020F5F711FB2188B7
:10E2B000E120BDE81040F5F7FDBA00BFF6320020BE
:10E2C0000000E83F40F2B5239942104604D040F2E6
:10E2D000B623994202D07047FFF7C0BFFFF7D6BF01
:10E2E000014B1860704700BFF83200200023F0B5E2
:10E2F0000127C371441EC61D072214F8015F07FAE7
:10E3000002FC1CEA050F14BF4FF0010C4FF0000C8B
:10E310004FFA83FE0CEB4303DBB281EA030C33EAD2
:10E320002E0328BF6346013AE9D2A642E4D1C37165
:10E33000F0BD00002DE9FF4704468420F5F79AFA66
:10E340008046A820F5F796FA994B1B78002B00F031
:10E35000FF80984EB8F1040F337803F1010303F006
:10E36000030300F0FA80012800F0F58001300CBFB3
:10E370002E220122402100258DF808208E4A8DF89A
:10E38000091012F8131002EB430252788B4F8DF8EC
:10E390000B1002A8852133708DF80C208DF80E30FB
:10E3A0008DF80A508DF80D50FFF7A0FF38684FF434
:10E3B0008D7103680095D3F8049008230DEB0302D8
:10E3C000C84747F2F703B8F1010FADF8083040F045
:10E3D000C78004F500639BB2B3F5805F80F0C28014
:10E3E0002312C4F3061223F07F0313432401B8F170
:10E3F000040F8DF80A308DF80B4040F0B6800723EB
:10E400003278B8F1040F43EA82138DF80C304FF0E4
:10E4100044038DF80D3014BF3023E023852102A87A
:10E420008DF80E30FFF762FF002238684FF4EA7172
:10E43000036800925C6808230DEB0302A0478A2062
:10E44000F5F718FA85B23E20F5F714FA81469920BF
:10E45000F5F710FA00FB05F43F20F5F70BFAA4B22C
:10E46000A0424FF0640A80F28A803F20F5F702FA5A
:10E4700090FBFAF35344DCB2B8F1040FDFF84081AB
:10E4800000F08280642388F800308DF809304AF665
:10E490002043ADF80A304FF47053ADF80C303378A8
:10E4A00030228DF80E309223002438688DF8082031
:10E4B0008DF80F3003680094D3F8048008234FF4DC
:10E4C000F9710DEB0302C047DFF8F88098F80030CF
:10E4D000002B3DD09020F5F7CDF9C0F39C038DF8CB
:10E4E00008306B088DF80A3040238001ADF80C30FD
:10E4F000ED01337885218DF8090045F02B0502A840
:10E500008DF80B508DF80E30FFF7F0FE386840F2B2
:10E51000DB11036800945D6808230DEB0302A84734
:10E5200098F80030A3B1284B02A8029333788521D4
:10E53000ADF80C408DF80E30FFF7D8FE3D6802466E
:10E540002B6800945C684FF4EE7108232846A047BE
:10E5500004B0BDE8F0874E220CE7012280210AE7D3
:10E560002C463DE7ADF80A5049E7B8F1010F3FF4FA
:10E5700046AFB8F1020F0CBF0323022340E7B4FB00
:10E58000FAF46434E4B277E74520F5F773F900282C
:10E590007FF478AF1FFA89F94D4503D398F800301E
:10E5A000013B70E7A02C234628BFA0236BE700BFE8
:10E5B0000133002000330020A4390108F832002084
:10E5C000FE32002040250020A00A05D52DE9FF419C
:10E5D0008420F5F74FF904460620F5F74BF9043887
:10E5E00018BF0120444D454E2B783070002B52D07F
:10E5F000002C63D00024424F424D3B782868013301
:10E6000003F003033B70404BADF80C408DF80E4017
:10E61000029303680094D3F8048040F20B5107235F
:10E6200002AAC0473378002B45D0384B02A802938A
:10E630004CF2DF03ADF80C303B78852143F010033A
:10E640008DF80E30FFF752FE286840F25B510368E8
:10E6500000945E6808230DEB0302B04718232C4A90
:10E660002868CDE90223036800945E68082340F21D
:10E670009E510DEB0302B0472649274B2868CDE990
:10E680000213036800945C68082340F2BC510DEB50
:10E690000302A0470FE08820F5F7ECF8042C01D026
:10E6A000012C05D101230F222B701C4B1A80A1E7EE
:10E6B0002B78002B9CD104B0BDE8F081174A138859
:10E6C000BBB9214688202C70F5F7F4F80D4B029465
:10E6D0001868ADF80C408DF80E40036800945C6833
:10E6E00040F20B51072302AAA0472B78002B81D1BF
:10E6F000E1E7013B13807DE7013300204025002046
:10E70000FF320020F8320020000006C0A440AA001A
:10E7100000000C763D80F064B0010032FC32002035
:10E720000023C0E901330374704701747047007C13
:10E7300070474078704710B5044605218420F5F7EE
:10E74000B9F80121DF20F5F7B5F8F9F7EDFA6478AB
:10E750004CB921468420F5F7ADF82146BDE81040BC
:10E76000DF20F5F7A7B810BD38B5044600781D4D79
:10E77000022826D1052919D163685BBB637060202C
:10E78000F5F778F84FF4967358436060A368B3F5D3
:10E79000967F04D10023A360E389013BE381AB6B47
:10E7A00099881868BDE8384000F070BD217B91421F
:10E7B0000ED1627B9A420BD1E389003B18BF012343
:10E7C0006370AB6B99881868BDE8384000F060BD95
:10E7D0000023F5E7A268013B01326360A260002BD1
:10E7E000D4D1CBE7D831002010B504465E20F5F730
:10E7F00041F820735F20F5F73DF860735120F5F77D
:10E8000039F820706020F5F735F84FF496735843C7
:10E8100060606020F5F72EF8E08110BD70470000C1
:10E820008160002208460149F8F797BC8FD0011893
:10E830001B4B10B5994214462BD11078537803EB3B
:10E84000002001F08DFD14A3D3E9002301F0F2FDB7
:10E8500002F04AF80146D520F5F73AF8E378A078B7
:10E8600003EB002001F07CFD0BA3D3E9002301F0B2
:10E87000E1FD02F039F80146D620F5F729F8E079F4
:10E88000283802F03BF9BDE810400146D720F5F7E3
:10E890001FB810BDAFF300809A9999999999B93F23
:10E8A0008FD001187FB504468420F4F7E3FF0128D8
:10E8B00001D0042813D1237B0133DBB2022B237355
:10E8C0000DD101230025A0688DF80830036800955C
:10E8D0005E68082303490DEB0302B047257304B0BB
:10E8E00070BD00BFD08F00188368DB075EBF8368F0
:10E8F00043F0010383607047034AD2F8083443F4BD
:10E900000003C2F80834704700200140836823F4F4
:10E9100060230B438360836843F4801383607047F4
:10E92000836800F1080243F00803836013681B0743
:10E93000FCD47047836843F00403836070478068A9
:10E94000C0F38000704708B50246FFF7F3FF10469A
:10E95000FFF7F5FF0028FAD108BD0022134610B5D5
:10E9600001FA02F403321E2A43EA0403F8D100221A
:10E97000036101FA02F40332182A43EA0403F8D1CE
:10E98000C36010BD836823F0010383607047436850
:10E9900043F4807343607047836823F400638360AB
:10E9A0007047836843F00203836070471029F0B515
:10E9B00010D800234FF0010E1F469C461D465FFAFB
:10E9C0008EF6B14207D2013945EA0155C562C0F859
:10E9D00030C04763F0BDBEF1060F147806D89C40E6
:10E9E00027430EF1010E01320533E8E7073E052EFD
:10E9F00095BFA3F11E06A3F13C06B440B44094BFFA
:10EA00004CEA040C2543ECE7836800F1080243F468
:10EA10008003836013685B02FCD47047836843F40F
:10EA20008073836070470000044B98420CBF40F233
:10EA3000192040F21A2000F0F4BD00BF006400402D
:10EA40002DE9F34104689DF8208024F0020404605D
:10EA500004689DF824E044F0010404604FF6FF745C
:10EA60009DF828C09DF83C609DF840700194019C81
:10EA7000051D013C019414B14468E407F7D54468CE
:10EA8000E40770D50024C461002951D0016841F029
:10EA900080010160002A4FD0026842F0400202600B
:10EAA000002B4DD0036843F0200303600368B8F1E6
:10EAB000000F49D043F0100303600368BEF1000F5C
:10EAC00045D043F0080303600368BCF1000F41D058
:10EAD00043F004030360C369002F3ED043F00043BA
:10EAE000C361C369002E3BD043F08043C3610E9BDA
:10EAF0000D99013BC3F309030B430C99C2690B4306
:10EB00000B990B431343C361036823F001030360B4
:10EB10004FF6FF730193019B013B019313B12B68E7
:10EB2000DB07F8D4406800F0010002B0BDE8F081D6
:10EB3000016821F08001ACE7026822F04002AEE7F4
:10EB4000036823F02003B0E723F01003B4E723F0B9
:10EB50000803B8E723F00403BCE723F00043BFE752
:10EB600023F08043C2E70120DFE70000F0B5012574
:10EB7000234C9DF81C70D4F80066854046F00106D1
:10EB8000C4F80066D4F81C6626EA0506C4F81C66BC
:10EB900039B3D4F80C162943C4F80C1632B3D4F8A0
:10EBA00004262A4300F1006000F6C840C4F8042699
:10EBB000C0000360069A059B4360114BDAB1D3F89D
:10EBC00014262A43C3F8142627B1D3F81C262A4357
:10EBD000C3F81C26D3F8002622F00102C3F8002651
:10EBE000F0BDD4F80C1621EA0501D5E7D4F80426C7
:10EBF00022EA0502D6E7D3F8142622EA0502E1E765
:10EC00000060004030B4BDF808409DF8105043EA61
:10EC10000443029341EA024300220495114630BCAA
:10EC2000FFF7A4BF30B4BDF808409DF8105044EA87
:10EC30000344049542EA01430294012230BC0021BE
:10EC4000FFF794BF1FB5009201229DF81840CDE94F
:10EC500001340B461146FFF789FF04B010BD43692C
:10EC60000B4343617047436923EA010343617047E3
:10EC70002DE9F041064680689DF818804701079D00
:10EC800026D4B068040127D4B068C00050D54FF432
:10EC9000D0770220BC191AB3C90041F00401B95160
:10ECA0001BB1236843F002032360636823F00F0362
:10ECB0006360626808F00F031343636008F1FF3379
:10ECC000072B2BD8DFE803F02724211C1916130E7D
:10ECD0004FF4C0770020DDE74FF4C8770120D9E773
:10ECE0004905DCE74FF0000CEB7963F31F6CAB795F
:10ECF00063F3174C6B7963F30F2C2B7963F3070CD9
:10ED00004FF0000EEB7863F31F6EAB7863F3174E92
:10ED10006B7863F30F2E2B7863F3070EC4F808E0CB
:10ED2000C4F80CC0236843F001032360BDE8F08100
:10ED30004FF0FF30FAE721B9C36843F02003C36006
:10ED40007047036943F020030361704719B9C06835
:10ED500000F0030070470069FAE72DE9F341DDF8A0
:10ED600020800446DDE90C57FFF7F0FF4FF4D87C14
:10ED700006464FF4E070CDE900C002A800EB810028
:10ED800050F808EC54F80E0004EB0E0C10F00400E0
:10ED900015BF012088F8000088F8000054F80E0024
:10EDA00016BF54F80E00400DC008186054F80E004D
:10EDB000099BC0F340001870DCF804000A9B000AAD
:10EDC0001870DCF804000B9B00F00F0018701FB1E6
:10EDD000DCF804301B0C3B80DCF80800DCF80C305D
:10EDE000C0F3072728706F70C0F30747C0F30760B0
:10EDF000E870C3F307202B716871C3F30740C3F3B6
:10EE00000763AF70A871EB7112B12046FFF793FF53
:10EE1000304602B0BDE8F081024A936843F0010336
:10EE20009360704700300240014B186018687047CB
:10EE300000300240002310B5044A8B4201DB106809
:10EE400010BD50F8234001331460F6E70030024053
:10EE5000014BB3F8E007704700F0FF1F14230022B6
:10EE6000013903FB01039A60DA601A615A610F23CA
:10EE7000426889008B401343436070470139890021
:10EE80008A40426070470139036889008A401A420B
:10EE900014BF012000207047142301395943083062
:10EEA0000B5823F440530B500B5813430B5070472F
:10EEB00014230139594308300B5823F440630B5095
:10EEC0000B5813430B507047142301395943083032
:10EED0000B5823F440730B500B5813430B507047DF
:10EEE00014230139594308300B5843F080030B5069
:10EEF000704714230139594308300B5843F020035D
:10EF00000B500B5823F480430B50704714230139E6
:10EF1000594308300B5823F010030B50704714234B
:10EF20000139594308300B5843F010030B50704718
:10EF300014230139594308300B5843F002030B5096
:10EF4000704714230139594308300B5843F001032B
:10EF50000B50704714230139594308300B5823F0E4
:10EF600001030B5070471423013903FB0100836830
:10EF7000DB0758BF026170471423013903FB01000E
:10EF80008368DB0758BF4261704714230139594336
:10EF90000C30085880B270471423013959430C30A3
:10EFA0000A50704701290FD0022918D059B90E4BC9
:10EFB000D3F808240243C3F80824D3F80C2422EA27
:10EFC0000002C3F80C247047074BD3F8082422EA48
:10EFD0000002C3F80824D3F80C240243F1E7024BE3
:10EFE000D3F808240243F4E700000140054BD3F8AE
:10EFF00000240243C3F80024D3F804240243C3F8D6
:10F000000424704700000140014BC3F8140470470A
:10F01000000001402DE9F04F00224FF0010C0F27B6
:10F02000DFF874E0DFF87480DFF87490DFF874A024
:10F030000CFA02F303421AD01B4B994224D01BD87E
:10F04000414523D0494523D0A1EB0A0463426341E3
:10F05000164C02F0030604EB9205AD002C68B600D6
:10F0600007FA06FB24EA0B04B3401C432C60013270
:10F07000102ADDD1BDE8F08F0D4B99420AD07145C1
:10F080000CBF06230023E3E70423E1E70223DFE7C5
:10F090000323DDE70523DBE70020014000100140EA
:10F0A00000140140000C0140001801400240001013
:10F0B000001C014038B5064DEC68FFF7C9FEB0F5FD
:10F0C000007F84BFEB6C1C4304F0350038BD00BFEB
:10F0D0000020024038B504460D4600F085F8FFF7E1
:10F0E000B7FEB0F5007F124B17D9124A944214D9DB
:10F0F0001A6D42F001021A65258000F075F8FFF7DD
:10F10000A7FEB0F5007F0A4B0CD90A4A944209D9F0
:10F110001A6D22F001021A6538BD1A6942F0010227
:10F120001A61E9E71A6922F001021A61F4E700BFE7
:10F1300000200240FFFF070810B5044600F054F815
:10F14000FFF786FEB0F5007F164B1BD9164A944296
:10F1500018D91A6D42F002021A655C651A6D42F008
:10F1600040021A6500F040F8FFF772FEB0F5007F2C
:10F170000C4B11D90C4A94420ED91A6D22F002029E
:10F180001A6510BD1A6942F002021A615C611A69BF
:10F1900042F040021A61E5E71A6922F002021A61A0
:10F1A000EFE700BF00200240FFFF0708034A136893
:10F1B00023F0070303431360704700BF00200240A1
:10F1C000034B044A5A6002F188325A60704700BF0C
:10F1D0000020024023016745024A136943F080037F
:10F1E000136170470020024008B5FFF763FFC307B3
:10F1F000FBD408BD38B505460C4689B2FFF76AFF57
:10F20000210CA81CBDE83840FFF764BF2DE9F0438E
:10F2100000264FF00F0E98460368476848FA06F438
:10F2200014F0010F06F1010C1DD0072E93BF994673
:10F23000B946A6F10804B4008ABFA400A4B2A4B2DF
:10F240000EFA04F529EA0509A51C02FA05F501FAEA
:10F2500004F42C43072E44EA090405D823466646E5
:10F260003C462746DAE73C466646102EF9D1036055
:10F270004460BDE8F0830000034A536823F0E06374
:10F280000B43034353607047000001400161704726
:10F29000090401617047806808407047C36801EA4B
:10F2A000030221EA030141EA0241016170470000C3
:10F2B0004AF6AA22014B1A60704700BF0030004096
:10F2C000062824D8DFE800F004090E13181D2000DA
:10F2D000104B1868C0F3406070470E4B1868C0F3BD
:10F2E000C06070470B4B1868C0F340707047094B03
:10F2F0001868C0F340407047064B1868C0F34000E0
:10F300007047044B186AF9E7024B586AF6E7002089
:10F31000704700BF00100240024608B51046FFF7D4
:10F32000CFFF0028FAD008BD06282AD8DFE800F071
:10F33000040A0F14191E2400124A136843F0807344
:10F34000136070470F4A136843F08063F8E70D4A73
:10F35000136843F08053F3E70A4A136843F4803399
:10F36000EEE7084A136843F00103E9E7054A136A28
:10F3700043F0010313627047024A536A43F00103EA
:10F380005362704700100240034A536823F003039E
:10F3900003435360704700BF00100240034A5368A4
:10F3A00023F4701343EA8043536070470010024017
:10F3B000034AD36A23F4706343EA0023D36270479D
:10F3C00000100240034AD36A23F4704343EA003337
:10F3D000D362704700100240034A536823F480331D
:10F3E00043EA00435360704700100240034A5368E9
:10F3F00023F4003343EA4043536070470010024057
:10F40000024B186A00F40040704700BF0010024031
:10F41000024A136A43F4004313627047001002402B
:10F4200006283BD8DFE800F03535352535041500D2
:10F430001B4B1A6A42F001021A621A6A9007FCD545
:10F440001A6A22F440721A621A6A42F480721A62CC
:10F450007047134B5A6A42F001025A625A6A910786
:10F46000FCD51A6A22F440721A621A6A42F40072D7
:10F47000EDE70B4B1A6842F480321A601A68920367
:10F48000FCD51A6A22F440721A621A6A42F4407277
:10F49000DDE7034A136A23F440731362704700BF29
:10F4A00000100240034A536823F4404343EA803388
:10F4B0005360704700100240034A536823F46053BE
:10F4C00043EAC0235360704700100240034A536868
:10F4D00023F4E06343EA00235360704700100240C6
:10F4E000034A536823F0F00343EA00135360704764
:10F4F00000100240044B5A6818B142F480025A606E
:10F50000704722F48002FAE700100240034AD36AEF
:10F5100023F00F030343D362704700BF0010024083
:10F52000034AD36A23F0F00343EA0013D36270471F
:10F5300000100240044BDA6A18B142F48032DA62F9
:10F54000704722F48032FAE70010024010B50446FA
:10F550004378012B0CBF03200420FFF7E5FEFFF7E3
:10F56000DBFEA078FFF7BCFFE078FFF7AFFF207964
:10F57000FFF7A2FF6079FFF795FF207BFFF7BAFF47
:10F58000A079FFF713FE2078FFF708FF6078FFF7F8
:10F5900023FFE07901282DD9FFF7B8FF207A08B1C1
:10F5A000FFF7C8FF607A08B1FFF7BAFFA07A30B161
:10F5B000FFF7FEFE0120FFF7B7FEFFF7ADFEE07A92
:10F5C00030B1FFF7FFFE0220FFF7AEFEFFF7A4FE0B
:10F5D0000020FFF7A9FEFFF79FFE0220FFF7D4FEF1
:10F5E0002269064B1A606269054B1A60A269054BD5
:10F5F0001A6010BDFFF7FAFED0E700BF44250020D7
:10F600004C250020482500200122430903F18043B6
:10F6100003F50433196800F01F0082400A431A60A2
:10F6200070470122430903F1804303F5043319684D
:10F6300000F01F00824011431960196821EA02029C
:10F640001A607047054BD3F804289206FBD5D3F80F
:10F65000042842F01002C3F804287047002000403C
:10F66000054BD3F8042822F01002C3F80428D3F87D
:10F6700004289206FBD570470020004038B50446A8
:10F6800000254FF46770FFF7BFFF40F29B30FFF794
:10F69000BBFF00F095FB2046124CFFF7C1FEC4F8FB
:10F6A0000058C4F80458FFF7B3FEFFF7CBFF4FF63E
:10F6B000FF73C4F80858C4F80C58C4F81858C4F8B4
:10F6C0001C58C4F82038C4F82438FFF7C9FFD4F810
:10F6D000043823F00803C4F80438D4F804381B07AE
:10F6E000FBD538BD0020004008B5FFF7ABFF064B47
:10F6F00082B2C0F30340C3F80C28C3F80808BDE881
:10F700000840FFF7ADBF00BF00200040034BD3F817
:10F710001808D3F81C3843EA004070470020004026
:10F7200008B5FFF78FFF054B020C80B2C3F818280D
:10F73000C3F81C08BDE80840FFF792BF0020004056
:10F7400008B5FFF77FFF01280DD0022811D030B98E
:10F750000B4AD2F8003843F00103C2F80038BDE884
:10F760000840FFF77DBF064AD2F8003843F0020395
:10F77000F3E7034AD2F8003843F00403EDE700BF93
:10F780000020004001280AD002280ED030B90A4AD1
:10F79000D2F8043823F00103C2F804387047064A4F
:10F7A000D2F8043823F00203F6E7034AD2F804380B
:10F7B00023F00403F0E700BF0020004008B54FF439
:10F7C0006770FFF721FF40F29B30FFF71DFF00F04D
:10F7D000F7FA084BD3F8042822F00802C3F80428EB
:10F7E000D3F804281107FBD5D3F804289206FBD5DB
:10F7F00008BD00BF0020004038B505464FF46770D3
:10F800000C46FFF701FF40F29B30FFF7FDFEFFF7CC
:10F81000F7FD18B1BDE83840FFF7D0BF2846FFF725
:10F820002DFF2046BDE83840FFF75EBF036843F078
:10F83000400303607047C1608368DB07FCD5C06884
:10F8400080B27047036843F400730360436823F099
:10F85000040343607047036843F480730360704798
:10F8600003299FBF036823F003030B430360704722
:10F8700030B50468049D04F441542C43039D2C438B
:10F880001C43144343680C4344F0040443F0040352
:10F8900043600460002030BDC3680B43C360704701
:10F8A00003690B4214BF012000207047C943016166
:10F8B000704710B504681A4324F45C740A43224369
:10F8C000026010BD036843F0800303607047036863
:10F8D00001F0600123F060030360036819430160D5
:10F8E0007047036823F0100303607047036823F038
:10F8F000080303607047036843F001030360704727
:10F90000036823F001030360704781627047C1629E
:10F91000704706297AD8DFE801F0047933796379F2
:10F920009200836923F003038361836983618369A0
:10F9300023F070038361072A68D8DFE802F03304FC
:10F94000090D1115191D836943F010038361704778
:10F95000836943F02003F9E7836943F03003F5E757
:10F96000836943F04003F1E7836943F05003EDE717
:10F97000836943F06003E9E7836943F07003E5E7D7
:10F98000836923F44073836183698361836923F40A
:10F99000E0438361072A39D8DFE802F004060A0E43
:10F9A00012161A1E8369D1E7836943F48053CDE7A9
:10F9B000836943F40053C9E7836943F44053C5E7BF
:10F9C000836943F48043C1E7836943F4A043BDE7FF
:10F9D000836943F4C043B9E7836943F4E043B5E77F
:10F9E000C36923F00303C361C369C361C36923F01F
:10F9F0007003C361072A09D8DFE802F03304090D58
:10FA00001115191DC36943F01003C3617047C36921
:10FA100043F02003F9E7C36943F03003F5E7C36916
:10FA200043F04003F1E7C36943F05003EDE7C369D6
:10FA300043F06003E9E7C36943F07003E5E7C36996
:10FA400023F44073C361C369C361C36923F4E04312
:10FA5000C361072ADAD8DFE802F004060A0E12169C
:10FA60001A1EC369D1E7C36943F48053CDE7C36964
:10FA700043F40053C9E7C36943F44053C5E7C3697E
:10FA800043F48043C1E7C36943F4A043BDE7C369BE
:10FA900043F4C043B9E7C36943F4E043B5E706293B
:10FAA00012D8DFE801F0041109110D111200836969
:10FAB00043F0080383617047836943F40063F9E707
:10FAC000C36943F00803C3617047C36943F400632B
:10FAD000F9E7062909D8DFE801F0041509190D1D19
:10FAE0001100036A23F0020303627047036A23F0E4
:10FAF0002003F9E7036A23F40073F5E7036A23F4AC
:10FB00000053F1E7036A23F00803EDE7036A23F0EB
:10FB10008003E9E7036A23F40063E5E7062909D8CF
:10FB2000DFE801F0041509190D1D1100036A43F007
:10FB3000010303627047036A43F01003F9E7036AA5
:10FB400043F48073F5E7036A43F48053F1E7036AF3
:10FB500043F00403EDE7036A43F04003E9E7036A77
:10FB600043F48063E5E7062909D8DFE801F00415CE
:10FB700009190D1D1100036A23F001030362704788
:10FB8000036A23F01003F9E7036A23F48073F5E7AF
:10FB9000036A23F48053F1E7036A23F00403EDE7DB
:10FBA000036A23F04003E9E7036A23F48063E5E78F
:10FBB00006290CD8DFE801F0040B060B080B0A003D
:10FBC0004263704782637047C26370470264704744
:10FBD000436C43F400434364704743690B43436100
:10FBE0007047406A7047416270470000054B984279
:10FBF00014BF054B054B1B6803EB5103B3FBF1F33B
:10FC000083607047003801404C25002048250020C3
:10FC1000C36808290CBF23F4805343F48053C360A6
:10FC20007047036923F440530B4303617047C36873
:10FC300023F4C0630B43C3607047C36823F00C0315
:10FC40000B43C3607047436923F440730B43436124
:10FC50007047C36843F40053C360704738B5044627
:10FC60000D4600F018F829462046BDE8384000F05F
:10FC70000AB8436943F0400343617047436943F066
:10FC8000800343617047C1F30801416070474068D9
:10FC9000C0F30800704703681B06FCD57047036873
:10FCA0000B4214BF012000207047FEE770470000A0
:10FCB00038B5DFF8C0D0234A234B24498A4229D3E0
:10FCC0001346002022498B4229D3224BD01E9B1A77
:10FCD00023F00303814238BF00234FF0A5311344C2
:10FCE0001D4A93421ED34FF0E022D2F8143D1B4C24
:10FCF00043F400731A4DC2F8143DAC4215D3194CAD
:10FD0000194DAC4215D3F2F739FE184C184DAC42E0
:10FD100013D338BD53F8040B42F8040BCEE743F875
:10FD2000040BD0E743F8041BDBE754F8043B984787
:10FD3000E3E754F8043B9847E3E754F8043B98475B
:10FD4000E5E700BF00000020703A01089826002077
:10FD50003C3400203F340020005000205C3A010871
:10FD60005C3A01085C3A0108683A0108683A0108FF
:10FD7000683A0108005000204FF0E023014AC3F820
:10FD80000C2DFEE70400FA05012243099B0003F154
:10FD9000604300F01F0003F5614382401A60704722
:10FDA000432893BF00F16040044B00F00F0000F5C2
:10FDB00064408CBFC1540170704700BF14ED00E077
:10FDC000024A136843F48073136070470070004068
:10FDD00038B5044600F02AF821460546204601F0D1
:10FDE000A7F880B92046002101F098F858B92046BC
:10FDF000002101F06BF840B10025CFF6807501F0CD
:10FE000041F922230360284638BD01F03BF903463F
:10FE1000212243F65820C0F601001A60BDE83840A0
:10FE200000F000B80020C7F6C07070472DE9F84F09
:10FE300030F0004350D001460346002853DBB0F1B8
:10FE4000FF4F45DAB0F5000FA8BF002106DA4FF0EA
:10FE5000984100F0A7FE03466FF01801C3F31605A2
:10FE60004FF62032C0F24A02DC152A447F3C02F4ED
:10FE700000000C4480F07E504FF07E51284304EB8C
:10FE8000D25400F085FD05F10F024FF6F073C0F279
:10FE90007F03064613406BBB002101F017F80028D2
:10FEA00000F0BD800020E4B1204600F027FE4FF4B2
:10FEB000E341C3F63171054600F074FE4FF2D17193
:10FEC000C3F217710446284600F06CFE0146204636
:10FED00000F060FDBDE8F88F00214FF04C4000F0CD
:10FEE00015FFBDE8F88F00F053FD002100F00EFF74
:10FEF000BDE8F88F4FF0804145F6304ACFF6CF7A13
:10FF000000F048FD0146304600F000FF80462046E4
:10FF1000AA4400F0F3FD41468146404600F042FE0F
:10FF20000146834600F03EFE48F69701C3F617618E
:10FF3000074600F037FE43F22531C3F63A6100F080
:10FF400029FD394600F02EFE44F62511C3F69261D4
:10FF5000C5F5571500F01EFD394600F023FE4AF6A0
:10FF6000AB21C3F62A7105F5227500F013FD594641
:10FF700000F018FE4DF24F01C3F61C61834638466F
:10FF800045EA0A0500F00EFE48F62961C3F66361F2
:10FF900000F000FD394600F005FE4CF6CD41C3F6F9
:10FFA000CC6100F0F7FC394600F0FCFD01465846F4
:10FFB00000F0F0FC002D07465BDD4FF07C51304631
:10FFC00000F0F0FD314600F0EDFD054629463846CB
:10FFD00000F0E0FC414600F0E5FD0746002C56D05D
:10FFE00048464FF4E341C3F6317100F0DBFD4FF2B8
:10FFF000D171C3F217710446484600F0D3FD39466B
:020000040801F1
:1000000000F0C8FC0146284600F0C2FC314600F072
:10001000BFFC0146204600F0BBFCBDE8F88F30462F
:100020004AF6AB21C3F6AA6100F0BCFD01464FF0D1
:100030007C5000F0ADFC31460546304600F0B2FD84
:100040000146284600F0AEFD0546DCB1204600F032
:1000500055FD4FF4E341C3F63171074600F0A2FDB0
:100060004FF2D171C3F217710446384600F09AFD81
:10007000C8E70146304600F08BFC414600F092FD97
:1000800005466CB92946304600F082FC29E7014656
:10009000284600F07DFC0146304600F079FC20E760
:1000A00048464FF4E341C3F6317100F07BFD4FF257
:1000B000D171C3F2177104464846D7E781F0004179
:1000C00002E000BF83F0004330B54FEA41044FEA3D
:1000D000430594EA050F08BF90EA020F1FBF54EAD8
:1000E000000C55EA020C7FEA645C7FEA655C00F074
:1000F000E2804FEA5454D4EB5555B8BF6D420CDD45
:100100002C4480EA020281EA030382EA000083EAC7
:10011000010180EA020281EA0303362D88BF30BD67
:1001200011F0004F4FEA01314FF4801C4CEA1131BD
:1001300002D0404261EB410113F0004F4FEA03331C
:100140004CEA133302D0524263EB430394EA050FA7
:1001500000F0A780A4F10104D5F1200E0DDB02FA16
:100160000EFC22FA05F2801841F1000103FA0EF2AA
:10017000801843FA05F359410EE0A5F120050EF170
:10018000200E012A03FA0EFC28BF4CF0020C43FAA1
:1001900005F3C01851EBE37101F0004507D54FF0AE
:1001A000000EDCF1000C7EEB00006EEB0101B1F5FE
:1001B000801F1BD3B1F5001F0CD349085FEA300044
:1001C0004FEA3C0C04F101044FEA445212F5800F4F
:1001D00080F09A80BCF1004F08BF5FEA500C50F1EC
:1001E000000041EB045141EA050130BD5FEA4C0CCF
:1001F000404141EB0101013C28BFB1F5801FE9D22C
:1002000091F0000F04BF01460020B1FA81F308BF4E
:100210002033A3F10B03B3F120020CDA0C3208DD1A
:1002200002F1140CC2F10C0201FA0CF021FA02F1F5
:100230000CE002F11402D8BFC2F1200C01FA02F165
:1002400020FA0CFCDCBF41EA0C019040E41AA2BF8A
:1002500001EB0451294330BD6FEA04041F3C1CDA52
:100260000C340EDC04F11404C4F1200220FA04F072
:1002700001FA02F340EA030021FA04F345EA03011C
:1002800030BDC4F10C04C4F1200220FA02F001FADE
:1002900004F340EA0300294630BD21FA04F0294660
:1002A00030BD94F0000F83F4801306BF81F48011F9
:1002B0000134013D4EE77FEA645C18BF7FEA655C6C
:1002C00029D094EA050F08BF90EA020F05D054EA3E
:1002D000000C04BF1946104630BD91EA030F1EBF43
:1002E0000021002030BD5FEA545C05D14000494147
:1002F00028BF41F0004130BD14F580043CBF01F53A
:10030000801130BD01F0004545F0FE4141F470011F
:100310004FF0000030BD7FEA645C1ABF19461046FA
:100320007FEA655C1CBF0B46024650EA013406BFFB
:1003300052EA033591EA030F41F4002130BD00BFBA
:1003400090F0000F04BF0021704730B54FF4806477
:1003500004F132044FF000054FF0000150E700BFF8
:1003600090F0000F04BF0021704730B54FF4806457
:1003700004F1320410F0004548BF40424FF0000144
:100380003EE700BF42004FEAE2014FEA31014FEA87
:1003900002701FBF12F07F4393F07F4F81F06051D6
:1003A000704732F07F4208BF704793F07F4F04BF21
:1003B00041F40021704730B54FF4607401F00045FE
:1003C00021F000411CE700BF50EA010208BF70475E
:1003D00030B54FF000050AE050EA010208BF70474F
:1003E00030B511F0004502D5404261EB41014FF4B8
:1003F000806404F132045FEA915C3FF4D8AE4FF0C0
:1004000003025FEADC0C18BF03325FEADC0C18BFA2
:10041000033202EBDC02C2F1200300FA03FC20FAF3
:1004200002F001FA03FE40EA0E0021FA02F1144440
:10043000BDE600BF70B54FF0FF0C4CF4E06C1CEA59
:1004400011541DBF1CEA135594EA0C0F95EA0C0FCA
:1004500000F0DEF82C4481EA030621EA4C5123EA3D
:100460004C5350EA013518BF52EA033541F480116C
:1004700043F4801338D0A0FB02CE4FF00005E1FB1F
:1004800002E506F00042E0FB03E54FF00006E1FB69
:1004900003569CF0000F18BF4EF0010EA4F1FF04AC
:1004A000B6F5007F64F5407404D25FEA4E0E6D41EC
:1004B00046EB060642EAC62141EA55514FEAC520FD
:1004C00040EA5E504FEACE2EB4F1FD0C88BFBCF579
:1004D000E06F1ED8BEF1004F08BF5FEA500E50F12A
:1004E000000041EB045170BD06F0004646EA0101F0
:1004F00040EA020081EA0301B4EB5C04C2BFD4EB22
:100500000C0541EA045170BD41F480114FF0000E1A
:10051000013C00F3AB8014F1360FDEBF002001F088
:10052000004170BDC4F10004203C35DA0C341BDC02
:1005300004F11404C4F1200500FA05F320FA04F0D4
:1005400001FA05F240EA020001F0004221F0004108
:1005500010EBD37021FA04F642EB06015EEA430E7B
:1005600008BF20EAD37070BDC4F10C04C4F12005AB
:1005700000FA04F320FA05F001FA04F240EA02005E
:1005800001F0004110EBD37041F100015EEA430E2F
:1005900008BF20EAD37070BDC4F1200500FA05F24F
:1005A0004EEA020E20FA04F301FA05F243EA0203CE
:1005B00021FA04F001F0004121FA04F220EA0200DD
:1005C00000EBD3705EEA430E08BF20EAD37070BD23
:1005D00094F0000F0FD101F00046400041EB010103
:1005E00011F4801F08BF013CF7D041EA060195F0E5
:1005F000000F18BF704703F00046520043EB03039F
:1006000013F4801F08BF013DF7D043EA060370478B
:1006100094EA0C0F0CEA135518BF95EA0C0F0CD096
:1006200050EA410618BF52EA4306D1D181EA0301DC
:1006300001F000414FF0000070BD50EA410606BFD6
:100640001046194652EA430619D094EA0C0F02D11B
:1006500050EA013613D195EA0C0F05D152EA033660
:100660001CBF104619460AD181EA030101F000417E
:1006700041F0FE4141F470014FF0000070BD41F0C7
:10068000FE4141F4780170BD70B54FF0FF0C4CF4A1
:10069000E06C1CEA11541DBF1CEA135594EA0C0FC0
:1006A00095EA0C0F00F0A7F8A4EB050481EA030E0D
:1006B00052EA03354FEA013100F088804FEA0333F4
:1006C0004FF0805545EA131343EA12634FEA0222C2
:1006D00045EA111545EA10654FEA00260EF0004183
:1006E0009D4208BF964244F1FD0404F5407402D2D5
:1006F0005B084FEA3202B61A65EB03055B084FEA66
:1007000032024FF480104FF4002CB6EB020E75EB62
:10071000030E22BFB61A754640EA0C005B084FEA8A
:100720003202B6EB020E75EB030E22BFB61A754607
:1007300040EA5C005B084FEA3202B6EB020E75EB52
:10074000030E22BFB61A754640EA9C005B084FEACA
:100750003202B6EB020E75EB030E22BFB61A7546D7
:1007600040EADC0055EA060E18D04FEA051545EAC6
:1007700016754FEA06164FEAC30343EA52734FEA6F
:10078000C2025FEA1C1CC0D111F4801F0BD141EAE8
:1007900000014FF000004FF0004CB6E711F4801F4D
:1007A00004BF01430020B4F1FD0C88BFBCF5E06F2D
:1007B0003FF6AFAEB5EB030C04BFB6EB020C5FEA3D
:1007C000500C50F1000041EB045170BD0EF0004E92
:1007D0004EEA113114EB5C04C2BFD4EB0C0541EAC4
:1007E000045170BD41F480114FF0000E013C90E6C1
:1007F00045EA060E8DE60CEA135594EA0C0F08BF85
:1008000095EA0C0F3FF43BAF94EA0C0F0AD150EA83
:1008100001347FF434AF95EA0C0F7FF425AF104616
:1008200019462CE795EA0C0F06D152EA03353FF43E
:10083000FDAE1046194622E750EA410618BF52EABB
:1008400043067FF4C5AE50EA41047FF40DAF52EA8F
:1008500043057FF4EBAE12E74FEA410212F50012B6
:1008600015D211D56FF47873B3EB625212D94FEAF7
:10087000C12343F0004343EA505311F0004F23FAE1
:1008800002F018BF404270474FF00000704750EA36
:10089000013005D111F0004008BF6FF000407047F3
:1008A0004FF00000704700BF4A0011D212F500124D
:1008B00011D20DD56FF47873B3EB62520ED44FEAB8
:1008C000C12343F0004343EA505323FA02F0704738
:1008D0004FF00000704750EA013002D14FF0FF3076
:1008E00070474FF0000070474FEA4102B2F1E04319
:1008F00024BFB3F5001CDCF1FE5C0DD901F0004C07
:100900004FEAC0024CEA5070B2F1004F40EB830056
:1009100008BF20F00100704711F0804F21D113F182
:100920003872BCBF01F00040704741F480114FEABB
:100930005252C2F11802C2F1200C10FA0CF320FA44
:1009400002F018BF40F001004FEAC1234FEAD32361
:1009500003FA0CFC40EA0C0023FA02F34FEA4303CB
:10096000CCE77FEA625307D150EA01331EBF4FF054
:10097000FE4040F44000704701F0004040F0FE406F
:1009800040F40000704700BF80F0004002E000BF6C
:1009900081F0004142001FBF5FEA410392EA030F6A
:1009A0007FEA226C7FEA236C6AD04FEA1262D2EBB4
:1009B0001363C1BFD218414048404140B8BF5B42B9
:1009C000192B88BF704710F0004F40F4000020F052
:1009D0007F4018BF404211F0004F41F4000121F068
:1009E0007F4118BF494292EA030F3FD0A2F10102B2
:1009F00041FA03FC10EB0C00C3F1200301FA03F1F0
:100A000000F0004302D5494260EB4000B0F5000F12
:100A100013D3B0F1807F06D340084FEA310102F1D1
:100A20000102FE2A51D2B1F1004F40EBC25008BF83
:100A300020F0010040EA03007047490040EB00004D
:100A4000013A28BFB0F5000FEDD2B0FA80FCACF14E
:100A5000080CB2EB0C0200FA0CF0AABF00EBC2507B
:100A600052421843BCBFD0401843704792F0000F69
:100A700081F4000106BF80F400000132013BB5E7BC
:100A80004FEA41037FEA226C18BF7FEA236C21D032
:100A900092EA030F04D092F0000F08BF0846704797
:100AA00090EA010F1CBF0020704712F07F4F04D165
:100AB000400028BF40F00040704712F100723CBF78
:100AC00000F50000704700F0004343F0FE4040F4A2
:100AD000000070477FEA226216BF08467FEA236360
:100AE0000146420206BF5FEA412390EA010F40F44B
:100AF000800070474FF0000304E000BF10F0004397
:100B000048BF40425FEA000C08BF704743F096437D
:100B100001464FF000001CE050EA010208BF704798
:100B20004FF000030AE000BF50EA010208BF70471F
:100B300011F0004302D5404261EB41015FEA010C34
:100B400002BF84460146002043F0B64308BFA3F12C
:100B50008053A3F50003BCFA8CF2083AA3EBC2530E
:100B600010DB01FA02FC634400FA02FCC2F120022D
:100B7000BCF1004F20FA02F243EB020008BF20F064
:100B80000100704702F1200201FA02FCC2F12002CA
:100B900050EA4C0021FA02F243EB020008BF20EABF
:100BA000DC7070474FF0FF0C1CEAD0521EBF1CEAED
:100BB000D15392EA0C0F93EA0C0F6FD01A4480EADB
:100BC000010C400218BF5FEA41211ED04FF00063C4
:100BD00043EA501043EA5111A0FB01310CF00040F0
:100BE000B1F5000F3EBF490041EAD3715B0040EA16
:100BF000010062F17F02FD2A1DD8B3F1004F40EBE6
:100C0000C25008BF20F00100704790F0000F0CF0B8
:100C1000004C08BF49024CEA502040EA51207F3A7C
:100C2000C2BFD2F1FF0340EAC250704740F4000057
:100C30004FF00003013A5DDC12F1190FDCBF00F048
:100C400000407047C2F10002410021FA02F1C2F1F6
:100C5000200200FA02FC5FEA310040F1000053EA92
:100C60004C0308BF20EADC70704792F0000F00F0E0
:100C7000004C02BF400010F4000F013AF9D040EAE6
:100C80000C0093F0000F01F0004C02BF490011F47A
:100C9000000F013BF9D041EA0C018FE70CEAD15378
:100CA00092EA0C0F18BF93EA0C0F0AD030F0004CF8
:100CB00018BF31F0004CD8D180EA010000F00040AC
:100CC000704790F0000F17BF90F0004F084691F06A
:100CD000000F91F0004F14D092EA0C0F01D14202A4
:100CE0000FD193EA0C0F03D14B0218BF084608D16D
:100CF00080EA010000F0004040F0FE4040F40000B7
:100D0000704740F0FE4040F4400070474FF0FF0C49
:100D10001CEAD0521EBF1CEAD15392EA0C0F93EA90
:100D20000C0F69D0A2EB030280EA010C49024FEAE2
:100D3000402037D04FF0805343EA111143EA10139B
:100D40000CF000408B4238BF5B0042F17D024FF453
:100D5000000C8B4224BF5B1A40EA0C00B3EB510F2E
:100D600024BFA3EB510340EA5C00B3EB910F24BF17
:100D7000A3EB910340EA9C00B3EBD10F24BFA3EB9C
:100D8000D10340EADC001B0118BF5FEA1C1CE0D164
:100D9000FD2A3FF650AF8B4240EBC25008BF20F017
:100DA000010070470CF0004C4CEA50207F32C2BF6B
:100DB000D2F1FF0340EAC250704740F400004FF008
:100DC0000003013A37E792F0000F00F0004C02BF39
:100DD000400010F4000F013AF9D040EA0C0093F003
:100DE000000F01F0004C02BF490011F4000F013B5D
:100DF000F9D041EA0C0195E70CEAD15392EA0C0FC5
:100E000008D142027FF47DAF93EA0C0F7FF470AFFC
:100E1000084676E793EA0C0F04D14B023FF44CAF3F
:100E200008466EE730F0004C18BF31F0004CCAD1D4
:100E300030F000427FF45CAF31F000437FF43CAF10
:100E40005FE700BF4FF0FF3C06E000BF4FF0010C32
:100E500002E000BF4FF0010C4DF804CD4FEA400214
:100E60004FEA41037FEA226C18BF7FEA236C11D05E
:100E700001B052EA530C18BF90EA010F58BFB2EB11
:100E8000030088BFC81738BF6FEAE17018BF40F091
:100E9000010070477FEA226C02D15FEA402C05D145
:100EA0007FEA236CE4D15FEA412CE1D05DF8040BCA
:100EB000704700BF844608466146FFE70FB5FFF75D
:100EC000C9FF002848BF10F1000F0FBD4DF808ED15
:100ED000FFF7F4FF0CBF012000205DF808FB00BF06
:100EE0004DF808EDFFF7EAFF34BF012000205DF860
:100EF00008FB00BF4DF808EDFFF7E0FF94BF0120AD
:100F000000205DF808FB00BF4DF808EDFFF7D2FFA9
:100F100094BF012000205DF808FB00BF4DF808EDEC
:100F2000FFF7C8FF34BF012000205DF808FB00BFB9
:100F30004FEA40024FEA41037FEA226C02D15FEAA6
:100F4000402C08D17FEA236C02D15FEA412C02D108
:100F50004FF0000070474FF0010070474FEA400229
:100F6000B2F1FE4F0FD34FF09E03B3EB12620DD9D7
:100F70004FEA002343F0004310F0004F23FA02F041
:100F800018BF404270474FF00000704712F1610FE8
:100F900001D1420205D110F0004008BF6FF00040BF
:100FA00070474FF00000704742000ED2B2F1FE4F82
:100FB0000BD34FF09E03B3EB126209D44FEA002328
:100FC00043F0004323FA02F070474FF000007047EF
:100FD00012F1610F01D1420202D14FF0FF30704790
:100FE0004FF00000704700BF30B5830745D084182C
:100FF000844604E003F8011B9D0704D09C46634629
:10100000A445F7D130BD013A0244A2EB0C02032AF9
:1010100028D9CCB24FF001350F2A05FB04F42ED9A4
:10102000A2F1100C03F110052CF00F0CAC44C3E935
:101030000044C3E9024410336345F8D102F00F0EB7
:1010400012F00C0F17D01A460EEB030542F8044BB2
:10105000A5EB020CBCF1030FF8D80EF003022EF042
:10106000030E7344002ACDD0C9B21A4403F8011B01
:101070009342FBD130BD7246F4E70346C7E796467C
:10108000E1E700BF42F25053C2F200031868704714
:10109000844641EA000313F0030349D1403A23D3C5
:1010A0000B6803604B6843608B688360CB68C360E8
:1010B0000B6903614B6943618B698361CB69C361D0
:1010C0000B6A03624B6A43628B6A8362CB6AC362B8
:1010D0000B6B03634B6B43638B6B8363CB6BC363A0
:1010E00040304031403ADBD230320BD30B680360E2
:1010F0004B6843608B688360CB68C36010301031ED
:10110000103AF3D20C3205D351F8043B40F8043BBB
:10111000043AF9D2043208D0D2071CBF11F8013BBF
:1011200000F8013B01D30B8803806046704700BF85
:10113000082A13D38B07B1D010F00303AED0C3F14C
:101140000403D21ADB071CBF11F8013B00F8013B76
:10115000A4D331F8023B20F8023B9FE7043AD9D3ED
:10116000013A11F8013B00F8013BF9D20B7803700A
:101170004B7843708B7883706046704700000000A6
:101180000000000051110008631100080000000079
:101190000000000067110008691100086B110008C9
:1011A0006D1100086F110008711100087511000819
:1011B0000000000000000000DD110008DF11000841
:1011C000E1110008E3110008E5110008E71100082B
:1011D0000000000000000000B5110008B711000871
:1011E000B9110008BB110008F9110008FB11000833
:1011F000FF11000803120008071200080B12000874
:10120000BD110008BF110008000000000000000030
:10121000791100087B1100087D1100087F1100087A
:1012200081110008831100080F1200081112000834
:1012300085110008871100088B1100089111000822
:1012400099110008D9180008711600089D110008AE
:101250000000000000000000131200081512000832
:1012600019120008111500082112000800000000E2
:1012700000000000EB110008ED1100082512000825
:1012800027120008F1110008F3110008F7110008F7
:10129000000000000000000067110008691100084C
:1012A0006B1100086D1100086F1100087111000822
:1012B000751100080000000000000000C3110008C4
:1012C000C5110008C7110008C9110008CB1100089A
:1012D000CD110008CF110008D3110008D511000866
:1012E000D91100080000000000000000A111000852
:1012F000A3110008A5110008A7110008A9110008F2
:10130000AB11000829120008AF110008B111000844
:101310000002040647656E6572616C205365747542
:101320007000496E76657274657200303D4E6F6E66
:10133000652C20313D4C6561665F47656E312C2020
:10134000323D4753343530482C20333D5573657258
:1013500043414E2C20343D4F70656E492C20353D65
:1013600050726975735F47656E332C20363D4F753B
:10137000746C616E6465722C20373D475333303096
:10138000482C20383D526561724F75746C616E64F3
:1013900065720056656869636C6500303D424D5763
:1013A0005F4534362C20313D424D575F4536782B12
:1013B0002C20323D436C61737369632C20333D4EA6
:1013C0006F6E652C20353D424D575F4533392C20DB
:1013D000363D5641472C20373D5375626172752C5E
:1013E00020383D424D575F45333100476561724CAF
:1013F000767200303D4E6F6E652C20313D424D5768
:101400005F4633302C20323D4A4C525F47312C200E
:10141000333D4A4C525F47322C20343D424D575F9A
:10142000453635005472616E736D697373696F6E02
:1014300000303D4D616E75616C2C20313D417574FD
:101440006F00696E7465726661636500303D556E4C
:10145000757365642C20313D69334C494D2C203225
:101460003D43686164656D6F2C20333D4350432CD0
:1014700020343D466F63636369006368617267652A
:101480006D6F64657300303D4F66662C20313D45BD
:1014900058545F444947492C20323D566F6C745F65
:1014A000416D706572612C20333D4C6561665F5003
:1014B000444D2C20343D5465736C614F492C2035CC
:1014C0003D4F75745F6C616E6465722C20363D45CE
:1014D0006C636F6E00424D535F4D6F646500303D2D
:1014E0004F66662C20313D53696D70424D532C2060
:1014F000323D54694461697379636861696E536907
:101500006E676C652C20333D54694461697379635F
:101510006861696E4475616C2C20343D4C65616670
:10152000426D732C20353D52656E61756C744B6154
:101530006E676F6F3333005368756E7454797065DE
:1015400000303D4E6F6E652C20313D4953412C20BB
:10155000323D53424F582C20333D5641472E2034C4
:101560003D4953415F756463737700496E766572D8
:1015700074657243616E00303D43414E312C203121
:101580003D43414E320056656869636C6543616E48
:10159000005368756E7443616E004C696D43616EF3
:1015A000004368617267657243616E00424D534348
:1015B000616E004F42443243616E0043616E4D6183
:1015C0007043616E004443444343616E004865616B
:1015D00074657243616E004D6F7441637469766522
:1015E00000303D4D6731616E64322C20313D4D67D6
:1015F000312C20323D4D67322C20333D426C656EDC
:1016000064696E674D4732616E643100436F6E6688
:10161000696743414E4F4900303D4F66662C20318B
:101620003D4F6E2C20323D6E610055736552533232
:101630003332004472697665496E68696269740084
:10164000303D4F66662C313D506C75672064657483
:10165000656374005468726F74746C6500706F74A5
:101660006D696E0064696700706F746D61780070F9
:101670006F74326D696E00706F74326D61780072D4
:101680006567656E72706D00726567656E656E6424
:1016900072706D00726567656E6D6178002500720D
:1016A0006567656E4272616B6500726567656E7233
:1016B000616D7000252F31306D7300706F746D6F28
:1016C000646500303D53696E676C654368616E6E9A
:1016D000656C2C20313D4475616C4368616E6E65AC
:1016E0006C006469726D6F646500303D427574749E
:1016F0006F6E2C20313D5377697463682C20323D26
:10170000427574746F6E52657665727365642C20D1
:10171000333D5377697463685265766572736564A7
:101720002C20343D44656661756C74466F72776138
:101730007264004469724368616E676500303D4EB3
:101740006F6E652C20313D53706565645468726519
:10175000732C20323D53706565644272616B650085
:101760004469724368616E676552706D0072657698
:10177000657273656D6F746F72007468726F7472E6
:10178000616D70007468726F7472616D7072706DEB
:10179000007265766C696D00726576526567656E7C
:1017A000007564636D696E007564636C696D0069D2
:1017B00064636D6178006964636D696E00746D7057
:1017C00068736D617800C2B04300746D706D6D61B7
:1017D00078007468726F746D6178007468726F74E9
:1017E0006D696E007468726F746D61785265760011
:1017F0007468726F746465616400526567656E42F7
:1018000072616B654C69676874007468726F74729A
:10181000706D66696C740072706D2F31306D73007D
:1018200047656172626F7820436F6E74726F6C00EF
:101830004765617200303D4C4F572C20313D48497F
:1018400047482C20323D4155544F2C20333D4849C8
:1018500047484657444C4F57524556004F696C50C5
:10186000756D700043727569736520436F6E747295
:101870006F6C006372756973657374657000637271
:101880007569736572616D700072706D2F313030E3
:101890006D7300726567656E6C6576656C00436F8D
:1018A0006E746163746F7220436F6E74726F6C003C
:1018B0006372756973656C69676874006572726CD0
:1018C000696768747300303D4F66662C20343D456F
:1018D00050432C20383D656E67696E6500436F6D1F
:1018E0006D756E69636174696F6E0043414E335369
:1018F0007065656400303D6B33332E332C20313DF1
:101900006B3530302C20323D6B3130300043686114
:101910007267657220436F6E74726F6C00426174FF
:1019200074436170006B576800566F6C7473706E0F
:10193000740050777273706E7400496463546572FA
:101940006D004343535F49436D64004343535F4914
:101950004C696D004343535F534F434C696D0053D3
:101960004F434643004368676374726C00303D45E3
:101970006E61626C652C20313D44697361626C65F7
:101980002C20323D54696D6572004368674163568F
:101990006F6C740056616300436867456666004378
:1019A0006F6E666967466F636363690044432D44E5
:1019B0004320436F6E7665727465720044436463BE
:1019C0005F5479706500303D4E6F444344432C2092
:1019D000313D5465736C6147322C20323D444344A1
:1019E00043456C636F6E004443536574506E7400DE
:1019F00042617474657279204D616E6167656D65D1
:101A00006E7400424D535F54696D656F7574007359
:101A1000656300424D535F566D696E4C696D697424
:101A200000424D535F566D61784C696D6974004298
:101A30004D535F546D696E4C696D697400424D532E
:101A40005F546D61784C696D6974004865617465B7
:101A500072204D6F64756C65004865617465720035
:101A6000303D4E6F6E652C20313D416D7065726169
:101A70002C20323D5657436F6F6C616E742C2033AF
:101A80003D56574169722C20343D4F75746C616E20
:101A900064657243616E2C20353D4D47436F6F6C1A
:101AA000616E742C20363D50574D00303D446973B3
:101AB00061626C652C20313D456E61626C652C2045
:101AC000323D54696D6572004865617450777200EB
:101AD00048656174506572636E7400486561745046
:101AE0006F7444697200303D42656C6F774F462CCD
:101AF000313D42656C6F775363616C652C20323DDC
:101B000041626F76654F462C20333D41626F7665AA
:101B10005363616C650048656174506F744F6E006B
:101B200048656174506F7446756C6C005254432064
:101B30004D6F64756C65005365745F446179003066
:101B40003D53756E2C20313D4D6F6E2C20323D542F
:101B500075652C20333D5765642C20343D546875E1
:101B60002C20353D4672692C20363D53617400535C
:101B700065745F486F757200486F757273005365C6
:101B8000745F4D696E004D696E73005365745F53E9
:101B900065630053656373004368675F4872730051
:101BA0004368675F4D696E004368675F4475720004
:101BB0005072655F487273005072655F4D696E00C8
:101BC0005072655F4475720047656E6572616C2086
:101BD000507572706F736520492F4F0050756D708E
:101BE00050574D00303D4753343530684F696C2CA9
:101BF00020313D546163686F4F75742C20323D5322
:101C0000706565646F4F7574004F75743146756EFD
:101C10006300303D4E6F6E654F75742C20313D432F
:101C2000686144654D6F416C772C20323D4F4243D3
:101C3000456E61626C652C20333D48656174657248
:101C4000456E61626C652C20343D52756E496E6440
:101C500069636174696F6E2C353D5761726E496EB0
:101C60006469636174696F6E2C20363D436F6F6CDD
:101C7000616E7450756D702C20373D4E6567436FF3
:101C80006E746163746F722C20383D4272616B65B3
:101C90004C696768742C20393D52657665727365AE
:101CA0004C696768742C2031303D4272616B655617
:101CB000616350756D702C2031313D436F6F6C69DD
:101CC0006E6746616E2C2031323D487641637469FF
:101CD00076652C2031333D53686966744C6F636BB5
:101CE0004E4F2C2031343D507265486561744F75FC
:101CF000742C2031353D50776D54696D332C203173
:101D0000363D437053706F6F662C2031373D47531B
:101D100034353070756D702C2031383D50776D54EE
:101D2000656D7047617567652C2031393D50776D61
:101D3000536F634761756765004F75743246756E02
:101D400063004F75743346756E6300534C314675AE
:101D50006E6300534C3246756E630050574D3146EA
:101D6000756E630050574D3246756E630050574D87
:101D70003346756E63004750313256496E46756E74
:101D80006300303D4E6F6E65496E2C20313D4865D5
:101D900061745265712C20323D48565265717565EB
:101DA00073742C20333D444346435265717565730B
:101DB000742C20343D5377697463685F4E6F5265AD
:101DC00067656E2C353D4856494C00485652657142
:101DD00046756E6300504231496E46756E63005021
:101DE0004232496E46756E6300504233496E467505
:101DF0006E63004750413146756E6300303D4E6F53
:101E00006E652C20313D50726F7850696C6F742C68
:101E100020323D4272616B6556616353656E736F2C
:101E2000722C20333D486561746572506F740047B1
:101E300050413246756E63007070746872657368E5
:101E40000042726B56616354687265736800427237
:101E50006B566163487973740044696769506F74A5
:101E600031537465700044696769506F74325374FC
:101E700065700046616E54656D7000546163686FF3
:101E800050505200495341205368756E7420436F7F
:101E90006E74726F6C00497361496E6974005057BB
:101EA0004D20436F6E74726F6C0054696D335F50D8
:101EB000726573630054696D335F506572696F6456
:101EC0000054696D335F315F4F430054696D335F78
:101ED000325F4F430054696D335F335F4F430043BC
:101EE000505F50574D0044435F4D617854656D70AD
:101EF0000044435F4D696E54656D700044435F4D0F
:101F00006178534F430044435F4D696E534F430024
:101F100076657273696F6E00343D322E3430410045
:101F20006F706D6F646500303D4F66662C20313DEB
:101F300052756E2C20323D50726563686172676520
:101F40002C20333D5063684661696C2C20343D433E
:101F500068617267652C20353D50726568656174F3
:101F60000063686774797000303D4F66662C2031DD
:101F70003D41432C20323D44434643006C61737421
:101F80006572720073746174757300303D4E6F6ECC
:101F9000652C20313D5564634C6F772C20323D55C4
:101FA0006463486967682C20343D55646342656CFE
:101FB0006F7755646353772C20383D5564634C69C3
:101FC0006D2C2031363D456D637953746F702C2034
:101FD00033323D4D50726F742C2036343D506F7447
:101FE000507265737365642C203132383D546D70C6
:101FF00048732C203235363D5761697453746172D1
:10200000740043616E41637400546F727144657271
:1020100061746500303D4E6F6E652C20313D554436
:10202000436C696D4C6F772C20323D5544436C698D
:102030006D486967682C20343D4944436C696D4C98
:102040006F772C20383D4944436C696D4869676857
:102050002C2031363D54656D704C696D007564639C
:102060003200756463330064656C74615600494ED8
:102070005675646300706F776572006B5700696412
:1020800063004B5768006B776800414D5068004112
:102090006800424D535F566D696E00424D535F5666
:1020A0006D617800424D535F5461766700424D5335
:1020B0005F546D696E00424D535F546D617800420C
:1020C0004D535F4368617267654C696D00424D53C3
:1020D0005F4D6178496E70757400424D535F4D617C
:1020E000784F757470757400424D535F4D6178433D
:1020F000686172676500424D535F49736F6C61742C
:10210000696F6E004F686D00424D535F49736F4DAC
:10211000656173006D5600424D535F534F48005642
:1021200065685F5370656564006B706800746F72FA
:1021300071756500706F7400706F743200706F7429
:102140006272616B65006272616B65707265737358
:1021500075726500706F746E6F6D00646972002D2A
:10216000313D526576657273652C20303D4E657544
:102170007472616C2C20313D44726976652C20327A
:102180003D5061726B00746D70687300746D706D9A
:1021900000746D7061757800756175780063616EAB
:1021A000696F00313D4372756973652C20323D5370
:1021B000746172742C20343D4272616B652C20383E
:1021C0003D4677642C2031363D5265762C203332E3
:1021D0003D426D730046726F6E745265617242616A
:1021E0006C00637275697365737065656400637212
:1021F0007569736573747400303D4E6F6E652C2085
:10220000313D4F6E2C20323D44697361626C652C08
:1022100020343D5365742C20383D526573756D65CF
:102220000064696E5F48567265710064696E5F7321
:10223000746172740064696E5F6272616B650064E0
:10224000696E5F666F72776172640064696E5F7257
:102250006576657273650064696E5F626D730064B4
:10226000696E5F31325667700053686966744C6FEF
:10227000636B0068616E6462726B00476561723106
:102280000047656172320047656172330054313531
:102290005374617400496E765374617400476561CC
:1022A000724642004361626C654C696D0050696C16
:1022B0006F744C696D00506C7567446574005069AB
:1022C0006C6F7454797000303D416273656E742C8C
:1022D00020313D41435374642C20323D41436368B7
:1022E000672C20333D4572726F722C20343D43437E
:1022F000535F4E6F745F5264792C20353D434353D6
:102300005F5264792C20363D5374617469630043D5
:1023100043535F495F417661696C004343535F56A5
:102320005F417661696C004343535F490043435307
:102330005F49726571004343535F56004343535FE7
:10234000565F4D696E004343535F565F436F6E00A7
:102350006876436867004343535F434F4E44003001
:102360003D4E6F745264792C20313D726561647901
:102370002C20323D53576F66662C20333D696E74B6
:10238000657272757074696F6E2C20343D50726581
:1023900063682C20353D696E73756C6D6F6E2C20F3
:1023A000363D6573746F702C20373D6D616C6675BA
:1023B0006E6374696F6E2C2031353D696E76616C89
:1023C0006964004343535F53746174650043505F15
:1023D000444F4F5200303D434C4F5345442C203125
:1023E0003D4F50454E2C20323D4552524F522C20ED
:1023F000333D494E56414C4944004343535F436F7C
:102400006E746163746F72005300436867540055C3
:1024100031325600493132560043686754656D7059
:102420000041435F566F6C74730041435F416D70B0
:10243000730063616E637472006370756C6F6164C6
:1024400000505056616C0042726B56616356616C6D
:10245000004874506F7456616C0048656174526531
:102460007100746D7068656174657200756463688D
:10247000656174657200706F776572686561746517
:1024800072005665684C6F636B53740075707469A5
:102490006D65004D4731546F72717565004D47325F
:1024A000546F72717565004D4731526177004D4729
:1024B00032526177004D47315261773200444D41CD
:1024C0005F5278436F6D706C65746500444D415F79
:1024D0005478436F6D706C65746500444D415F5274
:1024E0007854696D656F757400444D415F436F6E3C
:1024F0007365634661696C0048544D5F5374617441
:1025000065000A4F4B0D0A004261756420726174C8
:1025100065206E6F7720004563686F206F6E0D0A2F
:10252000004563686F206F66660D0A00656E616224
:102530006C657561727400666173747561727400A4
:102540006661737475617274206E6F742061766158
:10255000696C61626C650D0A006563686F00556E99
:102560006B6E6F776E20636F6D6D616E6420736547
:102570007175656E63650D0A002558255825580D3F
:102580000A00506172616D657465722061747472C5
:102590006962757465730D0A004E616D6509096D98
:1025A000696E202D206D6178205B64656661756CB5
:1025B000745D0D0A00257309092566202D20256606
:1025C000205B25665D0D0A00417661696C61626C75
:1025D0006520706172616D657465727320616E64EF
:1025E0002076616C7565730D0A002573205B257379
:1025F0005D0D0A002573090925660D0A004465660C
:1026000061756C7473206C6F616465640D0A00679A
:10261000657400666C61670073747265616D006457
:10262000656661756C747300616C6C006C697374C1
:10263000006174720073617665006A736F6E006387
:10264000616E0073657269616C006572726F72739E
:1026500000726573657400286E756C6C29005B25CB
:10266000755D3A202573202D2025730D0A004E6FCD
:10267000204572726F72730D0A0053544F5000441C
:102680004552415445005741524E00303D4E4F4E49
:10269000452C20313D424D53434F4D4D2C20323D72
:1026A0004F564552564F4C544147452C20333D50D0
:1026B00052454348415247452C20343D5448524FDF
:1026C00054544C45312C20353D5448524F54544CB1
:1026D00045322C20363D5448524F54544C453132EB
:1026E0002C20373D5448524F54544C4531324449C4
:1026F00046462C20383D5448524F54544C454D4F7B
:1027000044452C20393D43414E54494D454F555485
:102710002C2031303D50574D434F4E46494745528E
:10272000524F522C2031313D544D5048534D415859
:102730002C2031323D544D504D4D41582C203133D9
:102740003D4856494C4552522C00424D53434F4D43
:102750004D004F564552564F4C544147450050523C
:1027600045434841524745005448524F54544C4504
:1027700031005448524F54544C4532005448524F43
:1027800054544C453132005448524F54544C453106
:102790003244494646005448524F54544C454D4FDC
:1027A00044450043414E54494D454F555400505700
:1027B0004D434F4E4649474552524F5200544D509B
:1027C00048534D415800544D504D4D4158004856C6
:1027D000494C4552520063616E20007278200074AB
:1027E0007820002573202564202564202564202579
:1027F000662025640D0A004E6F20706172616D6560
:102800007465722076616C756520676976656E0DFA
:102810000A00536574204F4B0D0A0056616C7565B4
:10282000206F7574206F662072616E67650D0A00F7
:10283000556E6B6E6F776E20706172616D65746539
:10284000722025730D0A00556E6B6E6F776E2070C7
:102850006172616D657465723A20272573270D0AD0
:10286000004E6F20666C616720676976656E0D0AA1
:102870000068696464656E00556E6B6E6F776E20DC
:10288000666C61670D0A00466C6167206368616E63
:102890006765204F4B0D0A00747275650066616CA8
:1028A0007365007B0025630D0A20202022257322FA
:1028B0003A207B22756E6974223A222573222C22DB
:1028C0006964223A25642C2276616C7565223A256A
:1028D000662C002263616E6964223A25642C2263AF
:1028E000616E6F6666736574223A25642C2263619B
:1028F0006E6C656E677468223A25642C2263616E83
:102900006761696E223A25662C2263616E61646498
:10291000223A25642C2269737278223A25732C009E
:10292000226973706172616D223A747275652C222E
:102930006D696E696D756D223A25662C226D617820
:10294000696D756D223A25662C2264656661756C29
:1029500074223A25662C2263617465676F7279224E
:102960003A222573222C2269223A25647D002C0DFF
:102970000A2020202273657269616C223A207B2232
:10298000756E6974223A22222C2276616C7565225A
:102990003A2225303858222C226973706172616D99
:1029A000223A66616C73657D000D0A7D0D0A004157
:1029B0006C6C206D65737361676520646566696E14
:1029C0006974696F6E7320636C65617265640D0A6A
:1029D000004D697373696E6720617267756D656E0E
:1029E000740D0A00556E6B6E6F776E2070617261A8
:1029F0006D657465720D0A00256420656E747269D8
:102A000065732072656D6F7665640D0A00496E7698
:102A1000616C69642043414E2049642025780D0A89
:102A200000496E76616C6964204F66667365742038
:102A300025640D0A00496E76616C6964206C656ED0
:102A40006774682025640D0A0043616E6E6F742000
:102A50006D617020616E796D6F7265206974656D4E
:102A60007320746F2043414E2069642025640D0A51
:102A7000004D6178206D65737361676520636F75C4
:102A80006E7420726561636865640D0A0043414E8F
:102A9000206D6170207375636365737366756C2C4C
:102AA000202564206D6573736167652573206163FC
:102AB000746976650D0A0043414E4D415020737490
:102AC0006F7265640D0A00506172616D65746572A4
:102AD000732073746F7265642C204352433D2578D4
:102AE0000D0A0057696C6C206E6F742077726974E0
:102AF0006520746F20666C61736820696E20727542
:102B00006E206D6F6465732C20706C656173652039
:102B100073746F70206265666F7265207361766989
:102B20006E67210D0A00506172616D657465727384
:102B3000206C6F616465640D0A00506172616D659F
:102B400074657220435243206572726F720D0A00E1
:102B500055736167653A2073747265616D206E20EC
:102B600076616C312C76616C322E2E2E0D0A00258A
:102B7000732566006CAA01CF3938DF4F132A738C96
:102B8000F176F67000000000000000000000000078
:102B9000F33B00080038014000000240040500003B
:102BA0000008014000020000000C0140400000004D
:102BB00000440040000002400706000000080140F9
:102BC0000400000000140140200000000048004004
:102BD0000000024002030000000C0140000400005D
:102BE0000010014000040000004C004000040240BE
:102BF0000503000000100140000400000010014027
:102C00000004000053260108B99100080F260108AE
:102C10002192000813260108719200081826010865
:102C2000D99600081F260108294000082826010817
:102C3000FD3F00082C260108C53F00083126010889
:102C4000653F0008352601080D9600083C24010860
:102C50005D9600083A260108613F00083F260108FA
:102C600055940008432601083D3F00084A26010804
:102C7000393F00085126010889960008000000002D
:102C8000000000000000000000000000ED4300080C
:102C9000000000000000000079110008A5530008A2
:102CA000955400081D500008A1510008774F0008F6
:102CB000674F00086B4F0008B94F000887110008E4
:102CC0008B11000891110008991100086F4F00083E
:102CD000734F00087D4F0008050000000100000050
:102CE000000000000A0000000100000001000000D8
:102CF0000F000000020000000100000014000000AE
:102D000002000000020000001900000003000000A3
:102D1000020000001E00000004000000030000008C
:102D20002300000004000000040000002800000050
:102D300005000000040000002D0000000500000058
:102D40000500000032000000060000000600000040
:102D50003700000007000000060000003C000000F3
:102D6000080000000700000041000000080000000B
:102D700008000000460000000900000009000000F3
:102D80004B0000000A0000000A0000005000000094
:102D90000B0000000B000000550000000C000000BC
:102DA0000C0000005A0000000E0000000E000000A1
:102DB0005F0000001100000010000000640000002F
:102DC00013000000130000000000000000000000DD
:102DD000C15B0008B71100084D5B0008BB1100087B
:102DE0002958000821550008CF540008D354000882
:102DF000DF5400081155000861620008BF11000887
:102E0000000E00020000000000000000001700613A
:102E100000000000000000F8FE08010000000000B3
:102E20000016000000000017000100000000000074
:102E30000000000000000000000000000000000092
:102E4000000000000004000000000017004B162FD7
:102E5000FA890E00001700000000C900DA00100017
:102E600000001D0000000000000000000000000045
:102E7000000000000000000000040000000000004E
:102E8000000000000000000000000000000004003E
:102E90000000000000000000000000000000000032
:102EA0000000000000040019000000000000008085
:102EB000000000800000002501000000000000006C
:102EC0000000000000000000000000000000000002
:102ED000000000000000000079110008996400085B
:102EE000996200087F110008E3620008831100085E
:102EF000676200086D6200088511000887110008EC
:102F00008B11000891110008991100081D63000839
:102F100091620008C162000800000000000000008B
:102F200079110008A1650008016500087F110008FB
:102F30008111000883110008D3640008D7640008D9
:102F400085110008871100088B11000891110008F5
:102F500099110008E1640008D96400089D11000877
:102F60000000000000000000B5110008B7110008C3
:102F7000896A0008C16700089966000801660008B0
:102F80001566000829660008396600084D660008C5
:102F9000BD1100087566000890010000D007000808
:102FA000E8030090010000D10708101027009001ED
:102FB0000000DC071810E8030090010000E3072878
:102FC00008E8031E90010000E4073008E8031E0033
:102FD0000000000000000000B5110008D1700008DA
:102FE00001700008B36F000899700008816F000835
:102FF0008D6F0008996F0008A36F0008AF6F00087D
:10300000BD11000869700008000000000000000009
:103010005D2600085D2600085D260008000000000F
:10302000000000001171000813710008000000008A
:103030000000000055760008F57100087A260108A6
:103040007F26010886260108252B010803000000C1
:103050004A27010800000000522701080000000074
:103060005E27010800000000682701080200000038
:1030700072270108020000007C27010802000000FE
:1030800087270108020000009627010802000000BF
:10309000A327010802000000AE270108020000007B
:1030A000BD27010801000000C6270108010000003B
:1030B000CE27010802000000000000000000000010
:1030C000D97D0008157E00081D800008000008005A
:1030D0000000500012000000000008000000500036
:1030E00009000000000003000000200009000000AB
:1030F00000000400000020000500000000000500A2
:103100000000400003000000000007000000200055
:103110005A00000000000E00000030001200000005
:103120000000FF070000FF07000000000000000093
:10313000B5110008758300087D830008A983000885
:1031400031830008D5820008E1820008ED82000882
:10315000F782000803830008BD11000807830008F8
:103160000000000000000000A1110008C99700083D
:10317000419A00086D980008DF9D0008259F00080F
:10318000DD9B0008AF1100088197000800000000D7
:1031900000000000A1110008A311000825A30008E9
:1031A00069A40008D9A20008F1A50008D5A200086A
:1031B000AF110008B111000800000000000000007D
:1031C000EB110008ED11000859A60008C5A600087B
:1031D000F1110008F3110008F711000800000000C9
:1031E00000000000C3110008C5110008C711000845
:1031F000C9110008CB110008CD110008E9A700088B
:10320000D3110008D5110008D911000800000000F2
:1032100000000000791100087B1100087D110008F2
:103220007F110008811100088311000825A80008FB
:1032300041A8000875A80008B5A80008E9A800087A
:1032400049A90008CDA90008EDA70008F1A70008CA
:10325000F9A700088C2C0020842C00207C2C002056
:10326000442C00203C2C0020DC2B0020E42B0020F0
:10327000EC2B0020CC2B0020C42C00202C2C002078
:10328000242C00201C2C0020000000000000000066
:10329000C311000879AD0008C7110008D5AC0008BB
:1032A000CB11000811AD0008A1AC0008D311000833
:1032B00075AC0008D91100080000000000000000F3
:1032C000C3110008C5110008C7110008B5AD0008FA
:1032D000CB11000851AE000891AD0008D3110008D1
:1032E000A5AD0008D9110008000000000000000092
:1032F000C3110008C5110008C7110008C911000852
:10330000CB110008CD11000875AE0008D3110008DC
:10331000D5110008D9110008002F5E71BC93E2CDD1
:1033200057780926EBC4B59AAE81F0DF123D4C63A5
:10333000F9D6A788456A1B34735C2D02CFE091BE95
:10334000240B7A5598B7C6E9DDF283AC614E3F1085
:103350008AA5D4FB36196847E6C9B8975A75042B75
:10336000B19EEFC00D22537C48671639F4DBAA8565
:103370001F30416EA38CFDD295BACBE42906775855
:10338000C2ED9CB37E51200F3B14654A87A8D9F645
:103390006C43321DD0FF8EA1E3CCBD925F70012E35
:1033A000B49BEAC5082756794D62133CF1DEAF8025
:1033B0001A35446BA689F8D790BFCEE12C03725D15
:1033C000C7E899B67B54250A3E11604F82ADDCF305
:1033D00069463718D5FA8BA4052A5B74B996E7C8F5
:1033E000527D0C23EEC1B09FAB84F5DA17384966E5
:1033F000FCD3A28D406F1E3176592807CAE594BBD5
:10340000210E7F509DB2C3ECD8F786A9644B3A15C4
:103410008FA0D1FE331C6D420000000000000000B0
:10342000C9B10008151200085DB1000883B000089A
:1034300039B00008000000000000000001B30008DF
:1034400015120008DFB40008E9B30008C1B2000893
:103450000000000000000000C3110008C5110008B2
:10346000C711000891B50008CB110008F1B700089A
:10347000F5B40008D311000859B50008D9110008A7
:103480000000000000000000F1BD000889B900083C
:1034900085B90008B3B90008FCFFFFFF0000000079
:1034A000E1B90008000000000000000099BF00081A
:1034B00085BF0008E1110008E311000809C00008F9
:1034C00087BF000800000000000000004FC0000897
:1034D0005DC10008D9C000087F110008ADC0000818
:1034E000831100086BC000084DC00008851100085A
:1034F000871100088B11000891110008991100082C
:103500008DC0000885C0000851C000080000000000
:1035100000000000671100089DC1000845C50008B3
:103520006D110008A9C100089FC10008BDC20008B4
:10353000001D3A2774694E53E8F5D2CF9C81A6BB93
:10354000CDD0F7EAB9A4839E25381F02514C6B7683
:10355000879ABDA0F3EEC9D46F7255481B06213C73
:103560004A57706D3E230419A2BF9885D6CBECF163
:10357000130E2934677A5D40FBE6C1DC8F92B5A853
:10358000DEC3E4F9AAB7908D362B0C11425F786543
:103590009489AEB3E0FDDAC77C61465B0815322F33
:1035A0005944637E2D30170AB1AC8B96C5D8FFE223
:1035B000263B1C01524F6875CED3F4E9BAA7809D13
:1035C000EBF6D1CC9F82A5B8031E3924776A4D5003
:1035D000A1BC9B86D5C8EFF24954736E3D20071AF3
:1035E0006C71564B1805223F8499BEA3F0EDCAD7E3
:1035F00035280F12415C7B66DDC0E7FAA9B4938ED3
:10360000F8E5C2DF8C91B6AB100D2A3764795E43C2
:10361000B2AF8895C6DBFCE15A47607D2E331409B2
:103620007F6245580B16312C978AADB0E3FED9C4A2
:103630000000000000000000A111000899C500086A
:1036400099C50008C5C50008FDC600089BC500084F
:10365000A1C50008AF110008B5C5000800000000B2
:1036600000000000C3110008C5110008C7110008C0
:10367000C911000835C70008EDC700080DC70008CC
:10368000D311000825C70008D91100080000000068
:1036900000000000B5110008EBC8000831C900089F
:1036A0009DC8000859C80008EFC70008FBC70008FC
:1036B00007C8000813C800081FC80008BD1100088B
:1036C00023C8000800380140000002400405000043
:1036D00000080140000200040044004000000240D5
:1036E00007060000000801400400080000480040F0
:1036F0000000024002030000000C0140000400082A
:10370000004C00400004024005030000001001408E
:10371000000400080000000000000000EB11000899
:10372000ED11000823CC000825CC0008F111000899
:10373000F3110008F711000800000000000000006D
:103740006711000825CE000831CD00086D11000872
:103750000DCD0008F5CC0008FDCC000800000000ED
:10376000000000006711000829D0000869D0000897
:103770006D1100088DCE000879CE000881CE0008BA
:10378000E27FC558AC318B167EE359C430AD178A41
:10379000E875CF52A63B811C74E953CE3AA71D8031
:1037A000FB76CC51A538821F77EA52CD39A41E830F
:1037B00067FA40DD29B40E93FB66DC41B528920F11
:1037C00021BC069B6FF248D5BD209A07F36ED44901
:1037D00000102030405060708090A0B0C0D0E0F069
:1037E0000000000000000000A1110008B9D7000887
:1037F0007DD30008B1D00008E1D20008B5D00008A0
:10380000C1D00008AF110008D5D00008580300004F
:1038100017000001580300001D00020458030000B7
:1038200005000808580300000600101058030000A7
:10383000030020105803000004003010580300005B
:103840002000070109010000D6070010090100004F
:10385000DA07101009010000D80720100901000044
:10386000D907301057030000EC0700085703000089
:10387000E507081057030000EE071808570300007B
:10388000E807200857030000DE0728085703000058
:10389000E407300800000000000000006711000885
:1038A000F5D800080DD900086D11000821D90008CD
:1038B000F7D80008FFD80008000000000000000052
:1038C00041DA0008151200081912000889D9000809
:1038D0008BD900080000000000000000B7DC0008E1
:1038E000B7DC00082FDD00087F11000881110008F7
:1038F00083110008BFDC0008B5DC00088511000852
:10390000871100088B110008911100089911000817
:1039100009DD000829DD0008B9DC0008000000000E
:1039200000000000A9DD00081512000859DD00089C
:1039300029DF00086BDD0008000000000000000027
:1039400009E10008ED11000841E000083DE0000831
:10395000F11100084FE000086DE0000800000000D1
:1039600000000000EB110008ED11000817E100084D
:1039700019E10008F1110008F3110008F71100081F
:103980000000000000000000C5E20008ED11000882
:103990002DE20008F1E10008F11100083BE2000807
:1039A000F5E10008AAC055005540AA8000000000BB
:1039B0000000000031E800081DE80008E1110008DF
:1039C000E3110008A5E8000821E80008040100044C
:1039D00000020200000000000000000000A24A04F3
:1039E0000051250200A24A0407010004000202015E
:1039F000000000000000000000A24A04005125025F
:103A000000A24A04070100040002020401040600A7
:103A10000000000000A24A040051250200A24A044E
:103A20000101000000000000000000000000000094
:103A300000366E0100366E0100366E01070100048B
:103A400000030200000000000000000000A24A0481
:0C3A50000051250200A24A040000000002
:0C3A5C00392E0008BD390008D5460008CE
:083A680028D6FF7F01000000D9
:103A700000270020AC27002024290020CC2900208A
:103A8000E429002044290020C027002074290020B8
:103A900064001900000000000000000000000000A9
:103AA0000000000000000000000000000000000016
:103AB00000000000000000002000000000000000E6
:103AC00000000000200000002000000000000000B6
:103AD00000000000200000002000000000000000A6
:103AE00000000000000000000000000000000000D6
:103AF000E0FF0100E0FF0100E0FF010080BB0000EB
:103B0000800C0000C0FEFFFFC0FEFFFF2000000091
:103B1000000000002000000000000000803E0000C7
:103B2000000000004001000000C4090000EE020097
:103B30000000000040380000004100000071020059
:103B4000008FFDFFA00A000080250000800C00000F
:103B500080F3FFFFC00300004001000020FEFFFFD4
:103B6000E001000000000000400600000019000015
:103B7000800200004000000040290000000000001A
:103B80000000000000000000C002000060310000E2
:103B900080BB00000000000000000000800C00005E
:103BA000000A00004006000000000000001E0000A7
:103BB000400B00000000000000000000C0010000F9
:103BC000400100006000000086000000A00000002E
:103BD000400600000000000000000000000000009F
:103BE00000000000000000000000000000000000D5
:103BF00000000000000000000000000000000000C5
:103C000000000000000000000000000000000000B4
:103C1000000000000000000000000000C0000000E4
:103C2000E000000060000000000000000000000054
:103C30000000000080000000400000008001000043
:103C40004000000040000000400000004000000074
:103C500000000000000000008038010080380100F2
:103C60008038010000000000000000000005000096
:103C70004000000000000000E05900000084030044
:103C800000C2010000C2010000C2010040010000AA
:103C900040010000000000004001000000000000A2
:103CA0000000000000000000000000000000000014
:103CB0000000000000000000000000000000000004
:103CC00000000000000000000000000000000000F4
:103CD00000000000000000000000000000000000E4
:103CE00000000000000000000000000000000000D4
:103CF00000000000000000000000000000000000C4
:103D000000000000000000000000000000000000B3
:103D100000000000000000000000000000000000A3
:103D20000000000000000000000000000000000093
:103D30000000000000000000000000000000000083
:103D40000000000000000000000000000000000073
:103D50000000000000000000000000000000000063
:103D60000000000000000000000000000000000053
:103D70000000000000000000000000000000000043
:103D80000000000000000000000000000000000033
:103D90000000000000000000000000000000000023
:103DA0000000000000000000000000000000000013
:103DB0000000000000000000000000000000000003
:103DC00000000000000000000000000000000000F3
:103DD00000000000000000000000000000000000E3
:103DE00000000000000000000000000000000000D3
:103DF00000000000000000000000000000000000C3
:103E000000000000000000000000000000000000B2
:103E100000000000000000000000000000000000A2
:103E20000000000000000000000000000000000092
:103E30000000000000000000000000000000000082
:103E40000000000000000000000000000000000072
:103E500014130108221301082B13010800000000AD
:103E6000000100000000000005000000141301081C
:103E7000931301089B1301080000000000010000DB
:103E8000000000000600000014130108EB130108F5
:103E9000F313010800000000800000000000000093
:103EA0006C000000141301082414010831140108E7
:103EB0000000000020000000000000004E00000094
:103EC00014130108421401084C14010800000000FA
:103ED000800000000000000027000000141301080B
:103EE0007A1401088614010800000000C0000000D8
:103EF000000000002500000014130108D51401087B
:103F0000DE14010800000000A00000000000000016
:103F10005A00000014130108371501084115010863
:103F200000000000800000000000000058000000B9
:103F3000141301086B150108771501080000000033
:103F400020000000000000004600000014130108DB
:103F50008615010877150108000000002000000008
:103F6000200000004700000014130108911501080B
:103F7000771501080000000020000000000000008C
:103F800048000000141301089A150108771501086C
:103F900000000000200000000000000049000000B8
:103FA00014130108A115010877150108000000008D
:103FB00020000000200000004A0000001413010847
:103FC000AC15010877150108000000002000000072
:103FD000200000005900000014130108B315010867
:103FE000771501080000000020000000000000001C
:103FF0006000000014130108BB15010877150108C3
:10400000000000002000000000000000610000002F
:1040100014130108C51501087715010800000000F8
:1040200020000000200000006B00000014130108B5
:10403000CD150108771501080000000020000000E0
:10404000200000008A00000014130108D7150108A1
:10405000E115010800000000600000000000000001
:1040600081000000141301080C160108181601083D
:10407000000000002000000000000000950000008B
:10408000141301082A160108181601080000000080
:1040900020000000000000009B0000001413010835
:1040A000331601084016010800000000200000003F
:1040B000000000009C000000541601085D16010875
:1040C0006416010800000000E0FF0100000000008D
:1040D000070000005416010868160108641601085C
:1040E00000000000E0FF0100E0FF01000800000008
:1040F000541601086F16010864160108000000003C
:10410000E0FF0100E0FF0100090000005416010873
:10411000771601086416010800000000E0FF0100A6
:10412000E0FF01000A000000541601087F16010894
:1041300090160108800C000000E2040080BB000023
:104140003C0000005416010888160108901601086A
:10415000800C000000E20400800C00007E000000E3
:1041600054160108941601089D160108A0FBFFFFD4
:1041700000000000C0FEFFFF3D00000054160108D3
:104180009F1601089D160108A0FBFFFF000000001C
:10419000C0FEFFFF7A00000054160108AA160108AD
:1041A000B416010803000000800C0000200000008D
:1041B0004400000054160108BB160108C31601088C
:1041C0000000000020000000000000000B000000C4
:1041D00054160108E2160108EA1601080000000062
:1041E00080000000200000000C00000054160108B0
:1041F000331701083D1701080000000040000000CF
:104200000000000093000000541601086017010828
:10421000901601080000000000C40900803E000064
:104220008B000000541601086D17010818160108CC
:104230000000000020000000000000007F000000DF
:10424000541601087A170108B4160108030000008B
:10425000800C0000400100000D0000005416010811
:1042600084170108901601080000000000C409002E
:1042700000C409000E00000054160108911701083F
:10428000901601080000000000C4090000EE0200C2
:104290000F000000541601089817010818160108AD
:1042A0000000000020000000000000008900000065
:1042B00054160108A1170108172401080000000086
:1042C000007D000040380000130000005416010873
:1042D000A81701081724010800000000007D000055
:1042E000004100001400000054160108AF17010837
:1042F0001E1F010800000000007102000071020092
:104300001500000054160108B61701081E1F010809
:10431000008FFDFF00000000008FFDFF1600000071
:1043200054160108BD170108C61701084006000011
:10433000C0120000A00A0000170000005416010877
:10434000CA170108C6170108C00800008025000030
:10435000802500001800000054160108D21701083B
:104360009D16010800000000800C0000800C000079
:104370001900000054160108DB1701089D160108FA
:1043800080F3FFFF0000000080F3FFFF1A00000031
:1043900054160108E41701089D16010800000000EA
:1043A000800C0000C00300007B00000054160108D0
:1043B000F01701089D1601080000000040060000EB
:1043C000400100004C00000054160108FA170108D3
:1043D0009D16010880F3FFFF0000000020FEFFFF94
:1043E00080000000541601080A1801081718010877
:1043F0000300000000190000E0010000830000003D
:1044000020180108301801083518010800000000C4
:1044100060000000000000001B00000020180108E0
:104420005C1801089D16010800000000800C0000C7
:10443000400600001C000000641801087318010801
:104440009016010820000000007D00000019000007
:104450001D000000641801087E1801088918010871
:1044600020000000007D0000800200001E0000000F
:104470006418010893180108252B010800000000AA
:1044800060000000400000001F0000009E180108AE
:10449000651501081724010800000000007D0000D8
:1044A00040290000200000009E180108B0180108F3
:1044B00018160108000000002000000000000000A5
:1044C000210000009E180108BC180108C618010848
:1044D00000000000E01F00000000000022000000BB
:1044E000DD180108EB180108F518010800000000AC
:1044F00040000000000000004D0000000D19010800
:104500001D1901082519010803000000401F0000C3
:10451000C0020000260000000D1901082919010839
:104520001724010800000000007D00006031000039
:10453000280000000D190108321901087C2001082B
:104540000000000000DC050080BB00002900000026
:104550000D1901083A1901081E1F0108000000008A
:10456000C012000000000000380000000D19010812
:10457000421901081E1F010800000000C0120000BF
:10458000000000002A0000000D1901084B19010865
:104590001E1F010800000000C02B0000800C00005E
:1045A0002B0000000D190108541901089D1601087F
:1045B00000000000800C0000000A00002C00000039
:1045C0000D1901085F1901089D160108000000007F
:1045D000800C0000400600004F0000000D1901088B
:1045E000651901086D190108000000004000000075
:1045F000000000002D0000000D1901088A190108B3
:104600009419010800000000401F0000001E000077
:10461000780000000D190108981901089D1601087D
:1046200000000000800C0000400B0000790000003A
:104630000D1901089F190108181601080000000053
:10464000200000000000000085000000AC190108F7
:10465000BC190108C6190108000000004000000054
:104660000000000069000000AC190108E71901080A
:104670001724010820010000E0010000C001000033
:104680006A000000F0190108031A01080F1A010856
:1046900020000000000F0000400100005B0000004F
:1046A000F0190108131A010817240108000000007E
:1046B00040010000600000005C000000F0190108EB
:1046C000211A010817240108000000004001000021
:1046D000860000005D000000F01901082F1A010893
:1046E000C617010880F3FFFF800C0000A000000047
:1046F0005E000000F01901083D1A0108C617010804
:1047000080F3FFFF800C0000400600005F00000007
:104710004B1A0108591A0108601A0108000000002C
:10472000C000000000000000390000004B1A010822
:10473000A21E0108AB1A01080000000040000000A2
:10474000000000003A0000004B1A0108C81A0108D6
:104750007C20010800000000802C03000000000005
:104760003B0000004B1A0108D01A01089D160108F1
:1047700000000000800C0000000000007C00000031
:104780004B1A0108DB1A0108E61A010800000000B4
:104790008000000000000000960000004B1A010895
:1047A000161B01086416010800000000E0FF01006C
:1047B00000000000970000004B1A0108201B0108B0
:1047C0006416010800000000E0FF01000000000086
:1047D000980000002C1B0108371B01083F1B010833
:1047E00000000000C0000000000000002E000000DB
:1047F0002C1B01086F1B0108781B0108000000003A
:10480000E0020000000000002F0000002C1B010847
:104810007E1B0108861B01080000000060070000E5
:1048200000000000300000002C1B01088B1B010859
:10483000931B01080000000060070000000000005A
:10484000310000002C1B0108981B0108781B01088F
:1048500000000000E0020000000000003200000044
:104860002C1B0108A01B0108861B0108000000008A
:104870006007000000000000330000002C1B01084E
:10488000A81B0108861B010800000000004B000067
:1048900000000000340000002C1B0108B01B0108C0
:1048A000781B010800000000600700000000000005
:1048B000350000002C1B0108B81B0108861B0108ED
:1048C000000000006007000000000000360000004B
:1048D0002C1B0108C01B0108861B010800000000FA
:1048E000800700000000000037000000C81B01081E
:1048F000DC1B0108E41B0108000000004000000070
:104900000000000087000000C81B0108091C010806
:10491000121C010800000000C0010000C0000000DF
:1049200050000000C81B0108391D0108121C0108B5
:1049300000000000C0010000E00000005100000085
:10494000C81B0108421D0108121C010800000000DC
:10495000C00100006000000052000000C81B0108F8
:104960004B1D0108121C010800000000C0010000DE
:104970000000000053000000C81B0108531D01087F
:10498000121C010800000000C0010000000000002F
:1049900054000000C81B01085B1D0108121C01081F
:1049A0000000000060020000000000005500000050
:1049B000C81B0108641D0108121C0108000000004A
:1049C000600200008000000056000000C81B0108C3
:1049D0006D1D0108121C01080000000060020000AB
:1049E0004000000057000000C81B0108761D0108A8
:1049F000821D010800000000A000000080010000EE
:104A000062000000C81B0108CB1D0108821D0108BF
:104A100000000000A0000000400000006300000053
:104A2000C81B0108D51D0108821D010800000000F7
:104A3000A0000000400000008C000000C81B01081E
:104A4000DF1D0108821D010800000000A000000019
:104A5000400000008D000000C81B0108E91D01088E
:104A6000821D010800000000A000000040000000BE
:104A70008E000000C81B0108F31D0108FC1D010881
:104A80000000000060000000000000006E00000058
:104A9000C81B01082F1E0108FC1D010800000000B2
:104AA00060000000000000006F000000C81B01084B
:104AB000381E01086416010800000000E0FF010034
:104AC0008038010072000000C81B0108411E010867
:104AD0006416010800000000E0FF010080380100BA
:104AE00073000000C81B01084E1E0108641601086F
:104AF00000000000E0FF01008038010074000000A9
:104B0000C81B0108591E01086416010800000000B6
:104B1000E01F00000000000075000000C81B010835
:104B2000661E01086416010800000000E01F000076
:104B30000000000076000000C81B0108731E010879
:104B4000C617010800000000800C000000050000EE
:104B500086000000C81B01087B1E0108801E01089A
:104B600000000000800C00004000000088000000F1
:104B7000841E0108961E0108181601080000000096
:104B800020000000000000004B0000009E1E0108F5
:104B9000AA1E0108252B0108200000000028230080
:104BA000E0590000640000009E1E0108B51E0108C7
:104BB000252B01082000000000D4300000840300F1
:104BC000650000009E1E0108C11E0108252B01087A
:104BD0002000000000D4300000C201006600000088
:104BE0009E1E0108CB1E0108252B01082000000095
:104BF00000D4300000C20100670000009E1E0108C2
:104C0000D51E0108252B01082000000000D430002B
:104C100000C20100680000009E1E0108DF1E01089E
:104C2000252B010820000000800C0000400100003E
:104C3000840000009E1E0108E61E0108252B0108C5
:104C400020000000800C0000400100008F000000E8
:104C50009E1E0108F11E0108252B010820000000FE
:104C6000800C000000000000900000009E1E010863
:104C7000FC1E0108252B010820000000800C00000C
:104C800040010000910000009E1E0108061F01085F
:104C9000252B010820000000800C0000000000000F
:104CA0009200000000000000101F0108181F0108FA
:104CB000000000000000000000000000D00702001B
:104CC00000000000201F0108271F0108000000004D
:104CD0000000000000000000D207020000000000F9
:104CE000611F0108681F01080000000000000000AB
:104CF00000000000D3070200000000007C1F010834
:104D000000000000000000000000000000000000A3
:104D1000D407020000000000841F01088B1F010857
:104D2000000000000000000000000000D5070200A5
:104D30000000000002200108181601080000000011
:104D400000000000000000003B080200000000001E
:104D500009200108142001080000000000000000E4
:104D60000000000036080200000000007120010869
:104D700017240108000000000000000000000000EF
:104D8000D6070200000000005D200108172401087A
:104D9000000000000000000000000000D707020033
:104DA0000000000062200108172401080000000034
:104DB0000000000000000000D80702000000000012
:104DC000672001081724010800000000000000000F
:104DD00000000000D9070200000000006E2001085A
:104DE000172401080000000000000000000000007F
:104DF000DA07020000000000752001087B2001088E
:104E0000000000000000000000000000DB070200BE
:104E1000000000007E2001081E1F010800000000A5
:104E20000000000000000000DC070200000000009D
:104E30008220010886200108000000000000000018
:104E400000000000DD070200000000008A200108C9
:104E50008F2001080000000000000000000000009A
:104E6000DE070200000000000C1F01089D1601086B
:104E7000000000000000000000000000DF0702004A
:104E80000000000092200108172401080000000023
:104E900000000000000000002408020000000000E4
:104EA0009B200108172401080000000000000000FA
:104EB000000000002508020000000000A4200108F6
:104EC000C6170108000000000000000000000000FC
:104ED0003708020000000000AD200108C6170108D5
:104EE0000000000000000000000000002608020092
:104EF00000000000B6200108C617010800000000ED
:104F00000000000000000000270802000000000070
:104F1000BF2001081E1F0108000000000000000063
:104F2000000000002808020000000000CD20010859
:104F30007B200108000000000000000000000000CD
:104F40003908020000000000DA2001087B20010877
:104F50000000000000000000000000003A0802000D
:104F600000000000E82001087C200108000000008B
:104F700000000000000000003508020000000000F2
:104F8000F6200108042101080000000000000000D4
:104F9000000000003808020000000000082101089D
:104FA00014210108000000000000000000000000C3
:104FB0003308020000000000172101089D160108B7
:104FC0000000000000000000000000004C0802008B
:104FD00000000000E8210108901601080000000010
:104FE0000000000000000000E007020000000000D8
:104FF0001F21010829210108000000000000000015
:1050000000000000E1070200000000002D2101085F
:10501000641601080000000000000000000000000D
:10502000E2070200000000003421010864160108B4
:10503000000000000000000000000000E307020084
:10504000000000003821010864160108000000007B
:105050000000000000000000E40702000000000063
:105060003D21010864160108000000000000000056
:1050700000000000E50702000000000046210108D2
:10508000641601080000000000000000000000009D
:10509000E607020000000000542101089D160108E7
:1050A000000000000000000000000000E707020010
:1050B000000000005B2101085F21010800000000E2
:1050C0000000000000000000E807020000000000EF
:1050D00086210108C617010800000000000000003A
:1050E00000000000EC070200000000008C21010815
:1050F000C6170108000000000000000000000000CA
:10510000ED0702000000000091210108C617010808
:10511000000000000000000000000000EE07020098
:105120000000000098210108172401080000000079
:105130000000000000000000EF0702000000000077
:105140009D210108A32101080000000000000000CB
:1051500000000000F007020000000000D521010857
:105160009D16010800000000000000000000000083
:105170002208020000000000E22101089016010848
:10518000000000000000000000000000F107020025
:1051900000000000EE210108F821010800000000D5
:1051A0000000000000000000F20702000000000004
:1051B000212201081816010800000000000000006C
:1051C00000000000F3070200000000002B2201088D
:1051D0001816010800000000000000000000000098
:1051E000F40702000000000035220108181601082B
:1051F000000000000000000000000000F5070200B1
:10520000000000003F2201081816010800000000FD
:105210000000000000000000F6070200000000008F
:105220004B220108181601080000000000000000D1
:1052300000000000F70702000000000057220108EC
:105240001816010800000000000000000000000027
:10525000F8070200000000005F220108181601088C
:10526000000000000000000000000000170802001D
:105270000000000069220108181601080000000063
:1052800000000000000000003C08020000000000D8
:105290007322010818160108000000000000000039
:1052A00000000000F9070200000000007B22010856
:1052B00018160108000000000000000000000000B7
:1052C000FA070200000000008122010818160108F8
:1052D000000000000000000000000000FB070200CA
:1052E00000000000872201081816010800000000D5
:1052F0000000000000000000FC07020000000000A9
:105300008D220108181601080000000000000000AE
:1053100000000000FD0702000000000095220108C7
:105320001816010800000000000000000000000046
:10533000FE070200000000009D2201083518010848
:10534000000000000000000000000000FF07020055
:1053500000000000A42201081E1F01080000000038
:105360000000000000000000000802000000000033
:10537000AD2201081E1F010800000000000000000F
:10538000000000000108020000000000B622010831
:1053900018160108000000000000000000000000D6
:1053A0000208020000000000BE220108C722010816
:1053B00000000000000000000000000003080200E0
:1053C000000000000F2301081E1F0108000000005C
:1053D00000000000000000000408020000000000BF
:1053E0001B23010817240108000000000000000032
:1053F000000000000508020000000000272301084B
:105400001E1F010800000000000000000000000056
:1054100006080200000000002D2301081E1F0108DD
:10542000000000000000000000000000140802005E
:1054300000000000362301081724010800000000C6
:10544000000000000000000007080200000000004B
:105450003C230108172401080000000000000000A0
:1054600000000000080802000000000046230108B8
:1054700017240108000000000000000000000000E8
:105480000908020000000000502301081816010856
:105490000000000000000000000000000A080200F8
:1054A00000000000562301085F23010800000000EF
:1054B00000000000000000000B08020000000000D7
:1054C000C3230108122101080000000000000000B1
:1054D000000000000C08020000000000CD230108BD
:1054E000D5230108000000000000000000000000BB
:1054F0000D08020000000000FA2301081816010838
:105500000000000000000000000000000E08020083
:10551000000000003B1B01083F1B010800000000C9
:105520000000000000000000100802000000000061
:10553000731B01081D21010800000000000000008D
:1055400000000000110802000000000042230108D2
:1055500050270108000000000000000000000000CB
:1055600012080200000000008F1B01080824010837
:10557000000000000000000000000000130802000E
:10558000000000000A240108502701080000000064
:1055900000000000000000002A08020000000000D7
:1055A0000F2401081724010800000000000000007B
:1055B000000000001608020000000000142401088A
:1055C0001E1F010800000000000000000000000095
:1055D000230802000000000019240108C617010872
:1055E0000000000000000000000000001E08020093
:1055F0000000000021240108172401080000000019
:1056000000000000000000001F0802000000000071
:105610002A2401081E1F01080000000000000000ED
:1056200000000000290802000000000032240108E8
:1056300064160108000000000000000000000000E7
:105640002B08020000000000392401089D16010803
:105650000000000000000000000000000F08020031
:105660000000000041240108641601080000000049
:1056700000000000000000002E08020000000000F2
:105680004724010864160108000000000000000023
:10569000000000002F080200000000005124010853
:1056A0006416010800000000000000000000000077
:1056B0003E080200000000005A24010818160108E4
:1056C00000000000000000000000000015080200BB
:1056D0000000000062240108C61701080000000055
:1056E0000000000000000000300802000000000080
:1056F0006C240108172401080000000000000000CD
:1057000000000000310802000000000076240108BB
:105710007C200108000000000000000000000000E4
:105720003208020000000000822401081816010857
:10573000000000000000000000000000340802002B
:10574000000000008C2401080F1A0108000000006E
:1057500000000000000000004108020000000000FE
:1057600093240108252B0108000000000000000020
:105770000000000042080200000000009D24010813
:10578000252B0108000000000000000000000000C0
:105790004308020000000000A7240108252B01088F
:1057A00000000000000000000000000044080200AB
:1057B00000000000AE240108252B010800000000B5
:1057C000000000000000000045080200000000008A
:1057D000B5240108252B010800000000000000008E
:1057E000000000004608020000000000BD2401087F
:1057F0001816010800000000000000000000000072
:105800004708020000000000CC2401081816010817
:105810000000000000000000000000004808020036
:1058200000000000DB240108252B01080000000017
:105830000000000000000000490802000000000015
:10584000E9240108252B01080000000000000000E9
:10585000000000004A08020000000000F8240108CF
:10586000252B0108000000000000000000000000DF
:105870004B08020001804DE9BE03E1000E0000006C
:105880000000000000000000000000040000000014
:105890000000000000000000000000000000000008
:1058A00000000000000400000000000000000000F4
:1058B00000000000000000000000000000000000E8
:1058C00004000000000000040019000000000000B7
:1058D000000000000088000000A0000000000000A0
:1058E00000005F01000E000000000000000000004A
:1058F00000000000040000000000000000000000A4
:105900000000000000000000000000000000040093
:105910000000000000000000000000000000000087
:105920000000000000000000000400000000000073
:1059300004001900000000000000000000008800C2
:105940000000A000000000000000005F01000E0049
:1059500000000000000000000000000061040000E2
:1059600000000000ADFF5200000000000000160023
:105970000000000000000004000000000000000023
:105980000000000000000000000000000000000017
:10599000000004000000000000044B19D4FED20FE8
:1059A0000000000000000089000000A800000001C5
:1059B00000000000DC06000E0000000000000000F7
:1059C00000000000006104000000000000ADFF5274
:1059D00000000000000000160000000000000000B1
:1059E00004000000000000000000000000000000B3
:1059F00000000000000000000000000400000000A3
:105A00000000044B19D4FED20F000000000000007B
:105A100089000000A80000000100000000DC060072
:105A20000E00000000000000000000000000610403
:105A30000000000000000000000000000000000066
:105A4000160000000000000000040000000000003C
:105A50000000000000000000000000000000000046
:105A60000000000004000000000000044B19D4FEF8
:105A7000BE0F0000000000000089000000A8000028
:105A8000000200000000CB04000E00000000000037
:105A900000000000000000610400000000000000A1
:105AA00000000000000000000016000000000000E0
:105AB00000000400000000000000000000000000E2
:105AC00000000000000000000000000000040000D2
:105AD00000000000044B19D4FEBE0F0000000000BF
:105AE000000089000000A80000000200000000CBB8
:105AF00004000E0000000000000000000000000094
:105B00000004000000000000000000000000000091
:105B10000000000000000000000004000000000081
:105B20000000000000000000000000000000000075
:105B30000000000004000000000004001900000044
:105B40000000000000000088000000A0000000002D
:105B50000000005F01000E000000000000000000D7
:105B60000000000000040000000000000000000031
:105B70000000000000000000000000000000040021
:105B80000000000000000000000000000000000015
:105B900000000000000000000400000000000400FD
:105BA000190000000000000000000088000000A0B4
:105BB000000000000000005F01001E000000000067
:105BC00012009AFA0000000061040000000000AD1D
:105BD000FF52000000000000001000000000000064
:105BE00000000400000000000000000000000000B1
:105BF00000000000000000000000000004000000A1
:105C00000000044B0C3CFB34040000000000008A40
:105C1000000000A8000000010000004807001E006E
:105C20000000000012009AFA000000006104000069
:105C30000000000000000000000000000010000054
:105C40000000000000000400000000000000000050
:105C50000000000000000000000000000000000044
:105C6000040000000000044B0C3CFB340400000066
:105C70000000008A000000A8000000020000004BA5
:105C800005001E000000000012009AFA000000004B
:105C9000610400000000000000000000000000009F
:105CA00000100000000000000000040000000000E0
:105CB00000000000000000000000000000000000E4
:105CC00000000000040000000000044B0C3CFB340A
:105CD000040000000000008A000000A8000000028C
:105CE0000000004B05001E000000000012009AFAA0
:105CF0000000FF0061040000000000000000000040
:105D00000000000000100000000000FF0000040080
:105D10000000000000000000000000000000000083
:105D200000000000000000000400000000FF044923
:105D30000C3CFB34040000FF0000008A000000A8B7
:105D4000000000030000004609001E0002000000E1
:105D500012009AFA0000100061000000000000C864
:105D6000F93806A50088003F00100000003F001031
:105D700000038000000000000000000000000000A0
:105D8000000000000000000000000000040000000F
:105D90000010004B0C2DFB1504000010000000CA81
:105DA00000D3001000000086100000820A000000EE
:105DB00000000000000000000000000000000000E3
:105DC00000000000000000000000000000000000D3
:105DD00000000000000000000000000000000000C3
:105DE00000000000000000000000000000000000B3
:105DF000000000FF000000000000000000000000A4
:105E00000000000000000000000000000000000092
:105E10000000000000000100BB2F002047300020E0
:105E2000243001080E000000000000000000000007
:105E30000000000000000000000000000000000062
:105E40000000000000000000000000000000000052
:105E50000000000000000000000000000000000042
:105E60000000000000000000000000000000000032
:105E70000000000000000000000000000000000022
:105E80000000000000000000000000000000000012
:105E90000000000000000000000000000000000002
:105EA000000000008B26010801005EBCE2613FDDBE
:105EB00083C29C7E20A3FD1F419DC3217FFCA24085
:105EC0001E5F01E3BD3E6082DC237D9FC1421CFE5C
:105ED000A0E1BF5D0380DE3C62BEE0025CDF816367
:105EE0003D7C22C09E1D43A1FF4618FAA427799B42
:105EF000C584DA3866E5BB5907DB856739BAE4063D
:105F0000581947A5FB7826C49A653BD987045AB827
:105F1000E6A7F91B45C6987A24F8A6441A99C7251E
:105F20007B3A6486D85B05E7B98CD2306EEDB3510D
:105F30000F4E10F2AC2F7193CD114FADF3702ECCEC
:105F400092D38D6F31B2EC0E50AFF1134DCE9072F3
:105F50002C6D33D18F0C52B0EE326C8ED0530DEFCE
:105F6000B1F0AE4C1291CF2D73CA947628ABF517D1
:105F7000490856B4EA6937D58B5709EBB536688AB4
:105F8000D495CB2977F4AA4816E9B7550B88D634AF
:105F90006A2B7597C94A14F6A8742AC896154BA996
:105FA000F7B6E80A54D7896B35002C0101140101BA
:105FB0000100000000127A0000127A0000127A003C
:105FC00058250020000000000000000004330020DD
:105FD0006C330020D43300200000000000000000DB
:105FE00000000000000000000000000000000000B1
:105FF00000000000000000000000000000000000A1
:106000000000000000000000000000000000000090
:106010000000000000000000000000000000000080
:106020000000000000000000000000000000000070
:106030000000000000000000000000000000000060
:106040000000000000000000000000000000000050
:106050000000000000000000000000000000000040
:1060600001000000000000000E33CDAB34126DE6DD
:10607000ECDE05000B000000000000000000000046
:106080000000000000000000000000000000000010
:106090000000000000000000000000000000000000
:1060A00000000000000000000000000000000000F0
:1060B00000000000000000000000000000000000E0
:1060C00000000000000000000000000000000000D0
:1060D00000000000000000000000000000000000C0
:1060E00000000000000000000000000000000000B0
:1060F00000000000000000000000000000000000A0
:08610000000000000000000097
:040000050800FCB142
:00000001FF
